<?xml version="1.0" encoding="UTF-8"?>
<PE_PROJECT_SETTINGS_DOCUMENTATION>
  <PE_product_version v="version 10.3 for Freescale Microcontrollers" />
  <PE_core_version v="Processor Expert Version 0508" />
  <CPU_Bean name="Cpu" type="MKL26Z256LH4">
    <Enabled v="Y" />
    <Properties>
      <Component_name v="Cpu" />
      <CPU_type v="MKL26Z128VLH4" />
      <list name="Shared Internal properties" v="1">
        <EmptySection_DummyValue />
      </list>
      <list name="Shared Clock settings" v="1">
        <group name="Clock settings">
          <group name="Internal oscillator">
            <Slow_internal_reference_clock__kHz_ v="32.768000000000" />
            <boolgroup name="Initialize slow trim value" v="no" />
            <Fast_internal_reference_clock__MHz_ v="4" />
            <boolgroup name="Initialize fast trim value" v="no" />
          </group>
          <boolgroup name="RTC clock input" v="Disabled" />
          <boolgroup name="System oscillator 0" v="Enabled">
            <enumgroup name="Clock source" v="External crystal">
              <group name="Clock input pin">
                <Pin_name v="EXTAL0/PTA18/UART1_RX/TPM_CLKIN0" />
                <Pin_signal v="EXTAL" />
              </group>
              <group name="Clock output pin">
                <Pin_name v="XTAL0/PTA19/UART1_TX/TPM_CLKIN1/LPTMR0_ALT1" />
                <Pin_signal v="XTAL" />
              </group>
              <Clock_frequency__MHz_ v="8" />
              <Capacitor_load v="0pF" />
              <Oscillator_operating_mode v="Low power" />
            </enumgroup>
          </boolgroup>
          <list name="Clock source settings" v="1">
            <group name="Clock source setting 0">
              <group name="Internal reference clock">
                <MCGIRCLK_clock v="Enabled" />
                <MCGIRCLK_in_stop v="Disabled" />
                <enumgroup name="MCGIRCLK source" v="Slow">
                  <EmptySection_DummyValue />
                </enumgroup>
                <MCGIRCLK_clock__MHz_ v="0.032768000000" />
              </group>
              <group name="External reference clock">
                <OSC0ERCLK_clock v="Enabled" />
                <OSC0ERCLK_in_stop v="Disabled" />
                <OSC0ERCLK_clock__MHz_ v="8" />
                <ERCLK32K_clock_source v="Auto select" />
                <ERCLK32K__clock__MHz_ v="0.001000000000" />
              </group>
              <group name="MCG settings">
                <enumgroup name="MCG mode" v="PEE">
                  <EmptySection_DummyValue />
                </enumgroup>
                <MCG_output_clock v="PLL clock" />
                <MCG_output__MHz_ v="96" />
                <MCG_external_ref__clock__MHz_ v="8" />
                <Clock_monitor v="Disabled" />
                <group name="FLL settings">
                  <FLL_module v="Disabled" />
                  <FLL_output__MHz_ v="0" />
                  <MCGFFCLK_clock__kHz_ v="15.625000000000" />
                  <enumgroup name="Reference clock source" v="External clock">
                    <Reference_clock_divider v="Auto select" />
                  </enumgroup>
                  <FLL_reference_clock__kHz_ v="31.250000000000" />
                  <Multiplication_factor v="Auto select" />
                </group>
                <group name="PLL 0 settings">
                  <PLL_module v="Enabled" />
                  <PLL_module_in_Stop v="Disabled" />
                  <PLL_output__MHz_ v="96" />
                  <Reference_clock_divider v="Auto select" />
                  <PLL_reference_clock__MHz_ v="4" />
                  <Multiplication_factor v="Auto select" />
                  <Loss_of_lock_interrupt v="Disabled" />
                </group>
              </group>
            </group>
          </list>
        </group>
      </list>
      <Initialization_priority v="interrupts enabled" />
      <Watchdog_disable v="yes" />
      <group name="Internal peripherals">
        <list name="Shared NMI settings" v="1">
          <boolgroup name="NMI pin" v="Enabled">
            <NMI_Pin v="TSI0_CH5/PTA4/I2C1_SDA/TPM0_CH1/NMI_b" />
            <NMI_Pin_signal v="" />
          </boolgroup>
        </list>
        <list name="Shared Reset settings" v="1">
          <boolgroup name="Reset control" v="Enabled">
            <Reset_pin v="PTA20/RESET_b" />
            <Reset_pin_signal v="" />
            <Filter_in_STOP v="Disabled" />
            <Filter_in_RUN_WAIT v="Disabled" />
            <Filter_width v="1" />
          </boolgroup>
        </list>
        <list name="Shared Flash memory organization" v="1">
          <group name="Flash memory organization">
            <list name="Shared FLASH settings" v="1">
              <EmptySection_DummyValue />
            </list>
            <list name="Flash blocks" v="1">
              <group name="Flash block 0">
                <Address v="0" />
                <Size v="131072" />
                <Write_unit_size v="4" />
                <Erase_unit_size v="1024" />
                <Protection_unit_size v="4096" />
              </group>
            </list>
          </group>
        </list>
        <list name="Shared Flash Config settings" v="1">
          <boolgroup name="Flash configuration field" v="Enabled">
            <group name="Security settings">
              <Flash_security v="Disabled" />
              <Freescale_failure_analysis_access v="Enabled" />
              <Mass_erase v="Enabled" />
              <Backdoor_key_security v="Disabled" />
              <Backdoor_key_0 v="255" />
              <Backdoor_key_1 v="255" />
              <Backdoor_key_2 v="255" />
              <Backdoor_key_3 v="255" />
              <Backdoor_key_4 v="255" />
              <Backdoor_key_5 v="255" />
              <Backdoor_key_6 v="255" />
              <Backdoor_key_7 v="255" />
            </group>
            <group name="Protection regions">
              <group name="P-Flash protection settings">
                <Protection_region_size v="4096" />
                <P_Flash_protection v="4294967295" />
                <group name="Protection regions">
                  <Protection_region_0 v="Unprotected" />
                  <Protection_region_1 v="Unprotected" />
                  <Protection_region_2 v="Unprotected" />
                  <Protection_region_3 v="Unprotected" />
                  <Protection_region_4 v="Unprotected" />
                  <Protection_region_5 v="Unprotected" />
                  <Protection_region_6 v="Unprotected" />
                  <Protection_region_7 v="Unprotected" />
                  <Protection_region_8 v="Unprotected" />
                  <Protection_region_9 v="Unprotected" />
                  <Protection_region_10 v="Unprotected" />
                  <Protection_region_11 v="Unprotected" />
                  <Protection_region_12 v="Unprotected" />
                  <Protection_region_13 v="Unprotected" />
                  <Protection_region_14 v="Unprotected" />
                  <Protection_region_15 v="Unprotected" />
                  <Protection_region_16 v="Unprotected" />
                  <Protection_region_17 v="Unprotected" />
                  <Protection_region_18 v="Unprotected" />
                  <Protection_region_19 v="Unprotected" />
                  <Protection_region_20 v="Unprotected" />
                  <Protection_region_21 v="Unprotected" />
                  <Protection_region_22 v="Unprotected" />
                  <Protection_region_23 v="Unprotected" />
                  <Protection_region_24 v="Unprotected" />
                  <Protection_region_25 v="Unprotected" />
                  <Protection_region_26 v="Unprotected" />
                  <Protection_region_27 v="Unprotected" />
                  <Protection_region_28 v="Unprotected" />
                  <Protection_region_29 v="Unprotected" />
                  <Protection_region_30 v="Unprotected" />
                  <Protection_region_31 v="Unprotected" />
                </group>
              </group>
            </group>
            <group name="Peripheral settings">
              <Reset_pin_function v="Enabled" />
              <NMI_function v="Enabled" />
              <FLASH_initialization_speed v="Fast" />
              <Clock_dividers_settings v="Fast clock boot" />
            </group>
          </boolgroup>
        </list>
        <list name="Shared Peripheral Bridge MCM settings" v="1">
          <boolgroup name="MCM settings" v="Disabled" />
        </list>
        <list name="Shared Power Management Controller settings" v="1">
          <group name="Power management controller">
            <LVD_reset v="Enabled" />
            <LVD_voltage_treshold v="Low" />
            <LVW_voltage_treshold v="Low" />
            <Bandgap_buffer v="Disabled" />
            <Bandgap_buffer_in_VLPx v="Disabled" />
            <group name="LVD interrupt">
              <Interrupt v="INT_LVD_LVW" />
              <Interrupt_request v="Disabled" />
              <Interrupt_priority v="0 (Highest)" />
              <LVD_interrupt v="Disabled" />
              <LVW_interrupt v="Disabled" />
            </group>
          </group>
        </list>
        <list name="Shared ClockGate settings" v="1">
          <group name="System Integration Module">
            <boolgroup name="CLKOUT pin control" v="Disabled" />
            <boolgroup name="Clock gating control" v="Disabled" />
          </group>
        </list>
      </group>
      <list name="Shared CPU interrupts/resets" v="1">
        <group name="CPU interrupts/resets">
          <boolgroup name="NMI interrupt" v="Enabled">
            <Interrupt v="INT_NMI" />
          </boolgroup>
          <boolgroup name="Hard Fault" v="Disabled" />
          <boolgroup name="Bus Fault" v="Disabled" />
          <boolgroup name="Usage Fault" v="Disabled" />
          <boolgroup name="Supervisor Call" v="Disabled" />
          <boolgroup name="Pendable Service" v="Disabled" />
          <boolgroup name="MCG Loss of lock" v="Disabled" />
        </group>
      </list>
      <group name="Low power mode settings">
        <list name="Shared Low Power Settings" v="1">
          <group name="Allowed low power modes">
            <Very_low_power_modes v="Not allowed" />
            <Low_leakage_stop_mode v="Not allowed" />
            <Very_low_leakage_stop_mode v="Not allowed" />
          </group>
        </list>
        <list name="Shared LLWU settings" v="1">
          <boolgroup name="LLWU settings" v="Disabled" />
        </list>
        <list name="Shared Low Power Settings" v="1">
          <group name="Operation mode settings">
            <group name="WAIT operation mode">
              <Return_to_wait_after_ISR v="no" />
            </group>
            <group name="SLEEP operation mode">
              <Low_Power_mode v="STOP" />
              <Return_to_stop_after_ISR v="no" />
            </group>
            <boolgroup name="STOP operation mode" v="Disabled" />
          </group>
        </list>
      </group>
      <list name="Clock configurations" v="1">
        <group name="Clock configuration 0">
          <boolgroup name="Very low power mode" v="Disabled" />
          <enumgroup name="Clock source setting" v="configuration 0">
            <MCG_mode v="PEE" />
            <MCG_output__MHz_ v="96" />
            <MCGIRCLK_clock__MHz_ v="0.032768" />
            <OSCERCLK_clock__MHz_ v="8" />
            <ERCLK32K__clock__MHz_ v="0.001" />
            <MCGFFCLK__kHz_ v="15.625" />
          </enumgroup>
          <group name="System clocks">
            <Core_clock_prescaler v="Auto select" />
            <Core_clock v="48" />
            <Bus_clock_prescaler v="Auto select" />
            <Bus_clock v="24" />
            <enumgroup name="PLL/FLL clock selection" v="Auto select">
              <Clock_frequency__MHz_ v="48" />
            </enumgroup>
            <enumgroup name="TPM clock selection" v="Auto select">
              <Clock_frequency__MHz_ v="48" />
            </enumgroup>
          </group>
        </group>
      </list>
    </Properties>
    <Methods>
      <list name="CPUCond" v="1">
        <SetClockConfiguration v="don&amp;apos;t generate code" />
        <GetClockConfiguration v="don&amp;apos;t generate code" />
        <SetOperationMode v="don&amp;apos;t generate code" />
        <EnableInt v="don&amp;apos;t generate code" />
        <DisableInt v="don&amp;apos;t generate code" />
        <GetLLSWakeUpFlags v="don&amp;apos;t generate code" />
        <MCGAutoTrim v="don&amp;apos;t generate code" />
        <VLPModeEnable v="don&amp;apos;t generate code" />
        <VLPModeDisable v="don&amp;apos;t generate code" />
        <SystemReset v="don&amp;apos;t generate code" />
      </list>
    </Methods>
    <Events>
      <Event_module_name v="Events" />
      <list name="EvntsShrdGrp" v="1">
        <event name="OnReset" v="don&amp;apos;t generate code" />
        <event name="OnNMIINT" v="generate code">
          <Event_procedure_name v="Cpu_OnNMIINT" />
        </event>
        <event name="OnHardFault" v="don&amp;apos;t generate code" />
        <event name="OnBusFault" v="don&amp;apos;t generate code" />
        <event name="OnUsageFault" v="don&amp;apos;t generate code" />
        <event name="OnSupervisorCall" v="don&amp;apos;t generate code" />
        <event name="OnPendableService" v="don&amp;apos;t generate code" />
        <event name="OnLossOfLockINT" v="don&amp;apos;t generate code" />
        <event name="OnLowVoltageINT" v="don&amp;apos;t generate code" />
        <event name="OnLLSWakeUpINT" v="don&amp;apos;t generate code" />
      </list>
    </Events>
    <Compiler v="GNU C Compiler" />
    <CompilerProperties>
      <Compiler v="GNU C Compiler" />
      <enumgroup name="Unhandled vectors" v="Own handler for every">
        <Unhandled_int_code>
          <StrgList><![CDATA[/* This code can be changed using the CPU component property "Build Options / Unhandled int code" */
PE_DEBUGHALT();
]]></StrgList>
        </Unhandled_int_code>
      </enumgroup>
      <group name="User initialization">
        <User_data_declarations>
          <StrgList></StrgList>
        </User_data_declarations>
        <User_code_before_PE_initialization>
          <StrgList></StrgList>
        </User_code_before_PE_initialization>
        <User_code_after_PE_initialization>
          <StrgList></StrgList>
        </User_code_after_PE_initialization>
      </group>
      <boolgroup name="Generate debugger files" v="yes">
        <Generate_mem_file v="yes" />
      </boolgroup>
      <group name="Startup">
        <Add_startup_file v="no" />
      </group>
      <boolgroup name="Generate linker file" v="yes">
        <Stack_size v="1024" />
        <Heap_size v="0" />
        <Set_memory_segments_to_default v="Click to set default &amp;gt;" />
        <Default_memory_for_interrupts v="INTERNAL FLASH" />
        <Default_memory_for_code v="INTERNAL FLASH" />
        <Default_memory_for_data v="INTERNAL RAM" />
        <list name="ROM/RAM Areas" v="4">
          <group name="MemoryArea0">
            <boolgroup name="ROM/RAM Area" v="Enabled">
              <Name v="m_interrupts" />
              <Qualifier v="RX" />
              <Address v="0" />
              <Size v="192" />
            </boolgroup>
          </group>
          <group name="MemoryArea1">
            <boolgroup name="ROM/RAM Area" v="Disabled" />
          </group>
          <group name="MemoryArea2">
            <boolgroup name="ROM/RAM Area" v="Enabled">
              <Name v="m_text" />
              <Qualifier v="RX" />
              <Address v="1040" />
              <Size v="130032" />
            </boolgroup>
          </group>
          <group name="MemoryArea3">
            <boolgroup name="ROM/RAM Area" v="Enabled">
              <Name v="m_data" />
              <Qualifier v="RW" />
              <Address v="536866816" />
              <Size v="16384" />
            </boolgroup>
          </group>
        </list>
      </boolgroup>
    </CompilerProperties>
  </CPU_Bean>
  <Bean name="LED1" type="LED">
    <Enabled v="Y" />
    <Properties>
      <Component_name v="LED1" />
      <Turned_On_with_initialization v="no" />
      <group name="HW Interface">
        <Anode_on_port_side__HIGH_is_ON v="no" />
        <boolgroup name="On/Off" v="Enabled">
          <inhrbean type="BitIO">
            <Enabled v="Y" />
            <Template v="LEDpin" />
            <Properties>
              <Component_name v="LEDpin1" />
              <Pin_for_I_O v="CMP0_IN5/ADC0_SE4b/PTE29/TPM0_CH2/TPM_CLKIN0" />
              <Pin_signal v="LED_Red" />
              <inhrbean type="BitIO_LDD">
                <Enabled v="Y" />
                <Template v="BitIO_LDD" />
                <Properties>
                  <Component_name v="BitIoLdd1" />
                  <Pin_for_I_O v="CMP0_IN5/ADC0_SE4b/PTE29/TPM0_CH2/TPM_CLKIN0" />
                  <Pin_signal v="LED_Red" />
                  <Direction v="Output" />
                  <group name="Initialization">
                    <Init__direction v="Output" />
                    <Init__value v="0" />
                    <Auto_initialization v="yes" />
                  </group>
                  <Safe_mode v="yes" />
                </Properties>
                <Methods>
                  <Init v="generate code" />
                  <Deinit v="don&amp;apos;t generate code" />
                  <GetDir v="don&amp;apos;t generate code" />
                  <SetDir v="don&amp;apos;t generate code" />
                  <SetInput v="don&amp;apos;t generate code" />
                  <SetOutput v="don&amp;apos;t generate code" />
                  <GetVal v="generate code" />
                  <PutVal v="don&amp;apos;t generate code" />
                  <ClrVal v="generate code" />
                  <SetVal v="generate code" />
                  <NegVal v="generate code" />
                  <ConnectPin v="don&amp;apos;t generate code" />
                  <GetRawVal v="don&amp;apos;t generate code" />
                </Methods>
                <Events>
                  <EmptySection_DummyValue />
                </Events>
              </inhrbean>
              <Direction v="Output" />
              <group name="Initialization">
                <Init__direction v="Output" />
                <Init__value v="0" />
              </group>
              <Safe_mode v="yes" />
              <Optimization_for v="speed" />
            </Properties>
            <Methods>
              <GetDir v="don&amp;apos;t generate code" />
              <SetDir v="don&amp;apos;t generate code" />
              <SetInput v="don&amp;apos;t generate code" />
              <SetOutput v="don&amp;apos;t generate code" />
              <GetVal v="generate code" />
              <PutVal v="don&amp;apos;t generate code" />
              <ClrVal v="generate code" />
              <SetVal v="generate code" />
              <NegVal v="generate code" />
              <ConnectPin v="don&amp;apos;t generate code" />
              <GetRawVal v="don&amp;apos;t generate code" />
            </Methods>
            <Events>
              <EmptySection_DummyValue />
            </Events>
          </inhrbean>
        </boolgroup>
        <boolgroup name="PWM" v="Disabled" />
      </group>
      <boolgroup name="Shell" v="Disabled" />
    </Properties>
    <Methods>
      <Init v="generate code" />
      <Deinit v="generate code" />
      <On v="generate code" />
      <Off v="generate code" />
      <Neg v="generate code" />
      <Get v="generate code" />
      <Put v="generate code" />
      <SetRatio16 v="generate code" />
      <ParseCommand v="don&amp;apos;t generate code" />
    </Methods>
    <Events>
      <EmptySection_DummyValue />
    </Events>
  </Bean>
  <Bean name="LED2" type="LED">
    <Enabled v="Y" />
    <Properties>
      <Component_name v="LED2" />
      <Turned_On_with_initialization v="no" />
      <group name="HW Interface">
        <Anode_on_port_side__HIGH_is_ON v="no" />
        <boolgroup name="On/Off" v="Enabled">
          <inhrbean type="BitIO">
            <Enabled v="Y" />
            <Template v="LEDpin" />
            <Properties>
              <Component_name v="LEDpin2" />
              <Pin_for_I_O v="PTE31/TPM0_CH4" />
              <Pin_signal v="LED_Green" />
              <inhrbean type="BitIO_LDD">
                <Enabled v="Y" />
                <Template v="BitIO_LDD" />
                <Properties>
                  <Component_name v="BitIoLdd2" />
                  <Pin_for_I_O v="PTE31/TPM0_CH4" />
                  <Pin_signal v="LED_Green" />
                  <Direction v="Output" />
                  <group name="Initialization">
                    <Init__direction v="Output" />
                    <Init__value v="0" />
                    <Auto_initialization v="yes" />
                  </group>
                  <Safe_mode v="yes" />
                </Properties>
                <Methods>
                  <Init v="generate code" />
                  <Deinit v="don&amp;apos;t generate code" />
                  <GetDir v="don&amp;apos;t generate code" />
                  <SetDir v="don&amp;apos;t generate code" />
                  <SetInput v="don&amp;apos;t generate code" />
                  <SetOutput v="don&amp;apos;t generate code" />
                  <GetVal v="generate code" />
                  <PutVal v="don&amp;apos;t generate code" />
                  <ClrVal v="generate code" />
                  <SetVal v="generate code" />
                  <NegVal v="generate code" />
                  <ConnectPin v="don&amp;apos;t generate code" />
                  <GetRawVal v="don&amp;apos;t generate code" />
                </Methods>
                <Events>
                  <EmptySection_DummyValue />
                </Events>
              </inhrbean>
              <Direction v="Output" />
              <group name="Initialization">
                <Init__direction v="Output" />
                <Init__value v="0" />
              </group>
              <Safe_mode v="yes" />
              <Optimization_for v="speed" />
            </Properties>
            <Methods>
              <GetDir v="don&amp;apos;t generate code" />
              <SetDir v="don&amp;apos;t generate code" />
              <SetInput v="don&amp;apos;t generate code" />
              <SetOutput v="don&amp;apos;t generate code" />
              <GetVal v="generate code" />
              <PutVal v="don&amp;apos;t generate code" />
              <ClrVal v="generate code" />
              <SetVal v="generate code" />
              <NegVal v="generate code" />
              <ConnectPin v="don&amp;apos;t generate code" />
              <GetRawVal v="don&amp;apos;t generate code" />
            </Methods>
            <Events>
              <EmptySection_DummyValue />
            </Events>
          </inhrbean>
        </boolgroup>
        <boolgroup name="PWM" v="Disabled" />
      </group>
      <boolgroup name="Shell" v="Disabled" />
    </Properties>
    <Methods>
      <Init v="generate code" />
      <Deinit v="generate code" />
      <On v="generate code" />
      <Off v="generate code" />
      <Neg v="generate code" />
      <Get v="generate code" />
      <Put v="generate code" />
      <SetRatio16 v="generate code" />
      <ParseCommand v="don&amp;apos;t generate code" />
    </Methods>
    <Events>
      <EmptySection_DummyValue />
    </Events>
  </Bean>
  <Bean name="LED3" type="LED">
    <Enabled v="Y" />
    <Properties>
      <Component_name v="LED3" />
      <Turned_On_with_initialization v="no" />
      <group name="HW Interface">
        <Anode_on_port_side__HIGH_is_ON v="no" />
        <boolgroup name="On/Off" v="Enabled">
          <inhrbean type="BitIO">
            <Enabled v="Y" />
            <Template v="LEDpin" />
            <Properties>
              <Component_name v="LEDpin3" />
              <Pin_for_I_O v="ADC0_SE6b/PTD5/SPI1_SCK/UART2_TX/TPM0_CH5" />
              <Pin_signal v="LED_Blue" />
              <inhrbean type="BitIO_LDD">
                <Enabled v="Y" />
                <Template v="BitIO_LDD" />
                <Properties>
                  <Component_name v="BitIoLdd3" />
                  <Pin_for_I_O v="ADC0_SE6b/PTD5/SPI1_SCK/UART2_TX/TPM0_CH5" />
                  <Pin_signal v="LED_Blue" />
                  <Direction v="Output" />
                  <group name="Initialization">
                    <Init__direction v="Output" />
                    <Init__value v="0" />
                    <Auto_initialization v="yes" />
                  </group>
                  <Safe_mode v="yes" />
                </Properties>
                <Methods>
                  <Init v="generate code" />
                  <Deinit v="don&amp;apos;t generate code" />
                  <GetDir v="don&amp;apos;t generate code" />
                  <SetDir v="don&amp;apos;t generate code" />
                  <SetInput v="don&amp;apos;t generate code" />
                  <SetOutput v="don&amp;apos;t generate code" />
                  <GetVal v="generate code" />
                  <PutVal v="don&amp;apos;t generate code" />
                  <ClrVal v="generate code" />
                  <SetVal v="generate code" />
                  <NegVal v="generate code" />
                  <ConnectPin v="don&amp;apos;t generate code" />
                  <GetRawVal v="don&amp;apos;t generate code" />
                </Methods>
                <Events>
                  <EmptySection_DummyValue />
                </Events>
              </inhrbean>
              <Direction v="Output" />
              <group name="Initialization">
                <Init__direction v="Output" />
                <Init__value v="0" />
              </group>
              <Safe_mode v="yes" />
              <Optimization_for v="speed" />
            </Properties>
            <Methods>
              <GetDir v="don&amp;apos;t generate code" />
              <SetDir v="don&amp;apos;t generate code" />
              <SetInput v="don&amp;apos;t generate code" />
              <SetOutput v="don&amp;apos;t generate code" />
              <GetVal v="generate code" />
              <PutVal v="don&amp;apos;t generate code" />
              <ClrVal v="generate code" />
              <SetVal v="generate code" />
              <NegVal v="generate code" />
              <ConnectPin v="don&amp;apos;t generate code" />
              <GetRawVal v="don&amp;apos;t generate code" />
            </Methods>
            <Events>
              <EmptySection_DummyValue />
            </Events>
          </inhrbean>
        </boolgroup>
        <boolgroup name="PWM" v="Disabled" />
      </group>
      <boolgroup name="Shell" v="Disabled" />
    </Properties>
    <Methods>
      <Init v="generate code" />
      <Deinit v="generate code" />
      <On v="generate code" />
      <Off v="generate code" />
      <Neg v="generate code" />
      <Get v="generate code" />
      <Put v="generate code" />
      <SetRatio16 v="generate code" />
      <ParseCommand v="don&amp;apos;t generate code" />
    </Methods>
    <Events>
      <EmptySection_DummyValue />
    </Events>
  </Bean>
  <Bean name="AS1" type="AsynchroSerial">
    <Enabled v="Y" />
    <Template v="Serial" />
    <Properties>
      <Component_name v="AS1" />
      <Channel v="UART0" />
      <inhrbean type="Serial_LDD">
        <Enabled v="Y" />
        <Properties>
          <Component_name v="ASerialLdd1" />
          <Device v="UART0" />
          <boolgroup name="Interrupt service/event" v="Enabled">
            <Interrupt_RxD v="INT_UART0" />
            <Interrupt_RxD_priority v="medium priority" />
            <Interrupt_TxD v="INT_UART0" />
            <Interrupt_TxD_priority v="medium priority" />
            <Interrupt_Error v="INT_UART0" />
            <Interrupt_Error_priority v="medium priority" />
          </boolgroup>
          <group name="Settings">
            <Data_width v="8 bits" />
            <Parity v="None" />
            <Stop_bits v="1" />
            <Loop_mode v="Normal" />
            <Baud_rate v="38400 baud" />
            <Wakeup_condition v="Idle line wakeup" />
            <Stop_in_wait_mode v="no" />
            <Idle_line_mode v="Starts after start bit" />
            <Transmitter_output v="Not inverted" />
            <Receiver_input v="Not inverted" />
            <Break_generation_length v="10/11 bits" />
            <boolgroup name="Receiver" v="Enabled">
              <RxD v="TSI0_CH2/PTA1/UART0_RX/TPM2_CH0" />
              <RxD_pin_signal v="OpenSDA_RxD" />
            </boolgroup>
            <boolgroup name="Transmitter" v="Enabled">
              <TxD v="TSI0_CH3/PTA2/UART0_TX/TPM2_CH1" />
              <TxD_pin_signal v="OpenSDA_TxD" />
            </boolgroup>
            <enumgroup name="Flow control" v="None">
              <EmptySection_DummyValue />
            </enumgroup>
          </group>
          <group name="Initialization">
            <Enabled_in_init__code v="yes" />
            <list name="Auto Initialization" v="1">
              <Auto_initialization v="no" />
            </list>
            <group name="Event mask">
              <OnBlockSent v="Enabled" />
              <OnBlockReceived v="Enabled" />
              <OnTxComplete v="Disabled" />
              <OnError v="Enabled" />
              <OnBreak v="Enabled" />
            </group>
          </group>
          <list name="CPU clock/configuration selection (included)" v="1">
            <group name="CPU clock/configuration selection">
              <Clock_configuration_0 v="This component enabled" />
              <Clock_configuration_1 v="This component disabled" />
              <Clock_configuration_2 v="This component disabled" />
              <Clock_configuration_3 v="This component disabled" />
              <Clock_configuration_4 v="This component disabled" />
              <Clock_configuration_5 v="This component disabled" />
              <Clock_configuration_6 v="This component disabled" />
              <Clock_configuration_7 v="This component disabled" />
            </group>
          </list>
        </Properties>
        <Methods>
          <Init v="generate code" />
          <Deinit v="don&amp;apos;t generate code" />
          <Enable v="don&amp;apos;t generate code" />
          <Disable v="don&amp;apos;t generate code" />
          <SendBlock v="generate code" />
          <ReceiveBlock v="generate code" />
          <CancelBlockTransmission v="don&amp;apos;t generate code" />
          <CancelBlockReception v="don&amp;apos;t generate code" />
          <GetError v="generate code" />
          <GetSentDataNum v="don&amp;apos;t generate code" />
          <GetReceivedDataNum v="don&amp;apos;t generate code" />
          <GetTxCompleteStatus v="don&amp;apos;t generate code" />
          <SetEventMask v="don&amp;apos;t generate code" />
          <GetEventMask v="don&amp;apos;t generate code" />
          <SelectBaudRate v="don&amp;apos;t generate code" />
          <GetSelectedBaudRate v="don&amp;apos;t generate code" />
          <SetParity v="don&amp;apos;t generate code" />
          <GetParity v="don&amp;apos;t generate code" />
          <SetDataWidth v="don&amp;apos;t generate code" />
          <GetDataWidth v="don&amp;apos;t generate code" />
          <SetStopBitLength v="don&amp;apos;t generate code" />
          <GetStopBitLength v="don&amp;apos;t generate code" />
          <SetLoopMode v="don&amp;apos;t generate code" />
          <GetLoopMode v="don&amp;apos;t generate code" />
          <GetStats v="don&amp;apos;t generate code" />
          <ClearStats v="don&amp;apos;t generate code" />
          <SendBreak v="don&amp;apos;t generate code" />
          <GetBreak v="don&amp;apos;t generate code" />
          <TurnTxOn v="don&amp;apos;t generate code" />
          <TurnTxOff v="don&amp;apos;t generate code" />
          <TurnRxOn v="don&amp;apos;t generate code" />
          <TurnRxOff v="don&amp;apos;t generate code" />
          <ConnectPin v="don&amp;apos;t generate code" />
          <Main v="don&amp;apos;t generate code" />
          <SetOperationMode v="don&amp;apos;t generate code" />
          <GetDriverState v="don&amp;apos;t generate code" />
        </Methods>
        <Events>
          <Event_module_name v="Events" />
          <event name="OnBlockReceived" v="generate code">
            <Event_procedure_name v="ASerialLdd1_OnBlockReceived" />
          </event>
          <event name="OnBlockSent" v="generate code">
            <Event_procedure_name v="ASerialLdd1_OnBlockSent" />
          </event>
          <event name="OnBreak" v="generate code">
            <Event_procedure_name v="ASerialLdd1_OnBreak" />
          </event>
          <event name="OnError" v="generate code">
            <Event_procedure_name v="ASerialLdd1_OnError" />
          </event>
          <event name="OnTxComplete" v="don&amp;apos;t generate code" />
        </Events>
      </inhrbean>
      <boolgroup name="Interrupt service/event" v="Enabled">
        <Interrupt_RxD v="INT_UART0" />
        <Interrupt_RxD_priority v="medium priority" />
        <Interrupt_TxD v="INT_UART0" />
        <Interrupt_TxD_priority v="medium priority" />
        <Interrupt_Error v="INT_UART0" />
        <Interrupt_Error_priority v="medium priority" />
        <Input_buffer_size v="32" />
        <Output_buffer_size v="64" />
        <group name="Handshake">
          <boolgroup name="CTS" v="Disabled" />
          <boolgroup name="RTS" v="Disabled" />
        </group>
      </boolgroup>
      <group name="Settings">
        <Parity v="none" />
        <Width v="8 bits" />
        <Stop_bit v="1" />
        <boolgroup name="Receiver" v="Enabled">
          <RxD v="TSI0_CH2/PTA1/UART0_RX/TPM2_CH0" />
          <RxD_pin_signal v="OpenSDA_RxD" />
        </boolgroup>
        <boolgroup name="Transmitter" v="Enabled">
          <TxD v="TSI0_CH3/PTA2/UART0_TX/TPM2_CH1" />
          <TxD_pin_signal v="OpenSDA_TxD" />
        </boolgroup>
        <Baud_rate v="38400 baud" />
        <Break_signal v="Disabled" />
        <Wakeup_condition v="Idle line wakeup" />
        <Transmitter_output v="Not inverted" />
        <Receiver_input v="Not inverted" />
        <Stop_in_wait_mode v="no" />
        <Idle_line_mode v="starts after start bit" />
        <Break_generation_length v="Short" />
      </group>
      <group name="Initialization">
        <Enabled_in_init__code v="yes" />
        <Events_enabled_in_init_ v="yes" />
      </group>
      <group name="CPU clock/speed selection">
        <High_speed_mode v="This component enabled" />
        <Low_speed_mode v="This component disabled" />
        <Slow_speed_mode v="This component disabled" />
      </group>
    </Properties>
    <Methods>
      <Enable v="don&amp;apos;t generate code" />
      <Disable v="don&amp;apos;t generate code" />
      <EnableEvent v="don&amp;apos;t generate code" />
      <DisableEvent v="don&amp;apos;t generate code" />
      <RecvChar v="generate code" />
      <SendChar v="generate code" />
      <RecvBlock v="generate code" />
      <SendBlock v="generate code" />
      <ClearRxBuf v="generate code" />
      <ClearTxBuf v="generate code" />
      <CharsInRxBuf v="don&amp;apos;t generate code" />
      <GetCharsInRxBuf v="generate code" />
      <CharsInTxBuf v="don&amp;apos;t generate code" />
      <GetCharsInTxBuf v="generate code" />
      <SetBaudRateMode v="don&amp;apos;t generate code" />
      <GetError v="don&amp;apos;t generate code" />
      <GetBreak v="don&amp;apos;t generate code" />
      <SetBreak v="don&amp;apos;t generate code" />
      <TurnTxOn v="don&amp;apos;t generate code" />
      <TurnTxOff v="don&amp;apos;t generate code" />
      <TurnRxOn v="don&amp;apos;t generate code" />
      <TurnRxOff v="don&amp;apos;t generate code" />
      <LoopMode v="don&amp;apos;t generate code" />
      <ConnectPin v="don&amp;apos;t generate code" />
    </Methods>
    <Events>
      <Event_module_name v="Events" />
      <event name="BeforeNewSpeed" v="don&amp;apos;t generate code" />
      <event name="AfterNewSpeed" v="don&amp;apos;t generate code" />
      <event name="OnError" v="don&amp;apos;t generate code" />
      <event name="OnRxChar" v="don&amp;apos;t generate code" />
      <event name="OnRxCharExt" v="don&amp;apos;t generate code" />
      <event name="OnTxChar" v="don&amp;apos;t generate code" />
      <event name="OnFullRxBuf" v="don&amp;apos;t generate code" />
      <event name="OnFreeTxBuf" v="don&amp;apos;t generate code" />
      <event name="OnBreak" v="don&amp;apos;t generate code" />
      <event name="OnTxComplete" v="don&amp;apos;t generate code" />
    </Events>
  </Bean>
  <Bean name="CLS1" type="Shell">
    <Enabled v="Y" />
    <Properties>
      <Component_name v="CLS1" />
      <Echo v="no" />
      <Prompt v="&amp;quot;CMD&amp;gt; &amp;quot;" />
      <Project_Name v="FRDM-KL26Z" />
      <Silent_Mode_Prefix v="#" />
      <boolgroup name="Blocking Send" v="Enabled">
        <Wait v="WAIT1" />
        <Wait_Time__ms_ v="10" />
        <RTOS_Wait v="no" />
      </boolgroup>
      <Status_Colon_Pos v="13" />
      <Help_Semicolon_Pos v="26" />
      <boolgroup name="Multi Command" v="Disabled" />
      <Utility v="UTIL1" />
      <boolgroup name="Default Serial" v="Enabled">
        <Console_Interface v="AS1" />
      </boolgroup>
      <Serial_Semaphore v="yes" />
      <Critical_Section v="CS1" />
    </Properties>
    <Methods>
      <PrintPrompt v="generate code" />
      <SendNum8u v="generate code" />
      <SendNum8s v="generate code" />
      <SendNum16u v="generate code" />
      <SendNum16s v="generate code" />
      <SendNum32u v="generate code" />
      <SendNum32s v="generate code" />
      <SendStr v="generate code" />
      <SendData v="generate code" />
      <PrintStatus v="generate code" />
      <ParseCommand v="generate code" />
      <ReadLine v="generate code" />
      <PrintCommandFailed v="generate code" />
      <IterateTable v="generate code" />
      <SetStdio v="generate code" />
      <GetStdio v="generate code" />
      <RequestSerial v="generate code" />
      <ReleaseSerial v="generate code" />
      <ReadAndParseWithCommandTable v="generate code" />
      <ParseWithCommandTable v="generate code" />
      <GetSemaphore v="generate code" />
      <SendStatusStr v="generate code" />
      <SendHelpStr v="generate code" />
      <ReadChar v="generate code" />
      <SendChar v="generate code" />
      <KeyPressed v="generate code" />
      <Init v="generate code" />
      <Deinit v="generate code" />
    </Methods>
    <Events>
      <EmptySection_DummyValue />
    </Events>
  </Bean>
  <Bean name="UTIL1" type="Utility">
    <Enabled v="Y" />
    <Properties>
      <Component_name v="UTIL1" />
    </Properties>
    <Methods>
      <strcpy v="generate code" />
      <strcat v="generate code" />
      <chcat v="generate code" />
      <Num8sToStr v="generate code" />
      <Num8uToStr v="generate code" />
      <Num16sToStr v="generate code" />
      <Num16uToStr v="generate code" />
      <Num32uToStr v="generate code" />
      <Num32sToStr v="generate code" />
      <Num16sToStrFormatted v="generate code" />
      <Num16uToStrFormatted v="generate code" />
      <Num32uToStrFormatted v="generate code" />
      <Num32sToStrFormatted v="generate code" />
      <strcatNum8u v="generate code" />
      <strcatNum8s v="generate code" />
      <strcatNum16u v="generate code" />
      <strcatNum16s v="generate code" />
      <strcatNum32u v="generate code" />
      <strcatNum32s v="generate code" />
      <strcatNum16uFormatted v="generate code" />
      <strcatNum16sFormatted v="generate code" />
      <strcatNum32uFormatted v="generate code" />
      <strcatNum32sFormatted v="generate code" />
      <strcatNum8Hex v="generate code" />
      <strcatNum16Hex v="generate code" />
      <strcatNum24Hex v="generate code" />
      <strcatNum32Hex v="generate code" />
      <strcatNum32sDotValue100 v="generate code" />
      <IsLeapYear v="generate code" />
      <WeekDay v="generate code" />
      <ReadEscapedName v="generate code" />
      <xatoi v="generate code" />
      <ScanDate v="generate code" />
      <ScanTime v="generate code" />
      <ScanDecimal8uNumber v="generate code" />
      <ScanDecimal8sNumber v="generate code" />
      <ScanDecimal16uNumber v="generate code" />
      <ScanDecimal16sNumber v="generate code" />
      <ScanDecimal32uNumber v="generate code" />
      <ScanDecimal32sNumber v="generate code" />
      <ScanHex8uNumber v="generate code" />
      <ScanHex8uNumberNoPrefix v="generate code" />
      <ScanHex16uNumber v="generate code" />
      <ScanHex32uNumber v="generate code" />
      <strcmp v="generate code" />
      <strncmp v="generate code" />
      <strFind v="generate code" />
      <strtailcmp v="generate code" />
      <strlen v="generate code" />
      <strCutTail v="generate code" />
    </Methods>
    <Events>
      <EmptySection_DummyValue />
    </Events>
  </Bean>
  <Bean name="WAIT1" type="Wait">
    <Enabled v="Y" />
    <Properties>
      <Component_name v="WAIT1" />
      <boolgroup name="Manual Clock Values" v="Disabled" />
      <Delay100usFunction v="Delay100US" />
      <boolgroup name="RTOS" v="Disabled" />
      <boolgroup name="Watchdog" v="Disabled" />
    </Properties>
    <Methods>
      <Wait10Cycles v="generate code" />
      <Wait100Cycles v="generate code" />
      <WaitCycles v="generate code" />
      <WaitLongCycles v="generate code" />
      <Waitms v="generate code" />
      <Waitus v="generate code" />
      <Waitns v="generate code" />
      <WaitOSms v="generate code" />
    </Methods>
    <Events>
      <EmptySection_DummyValue />
    </Events>
  </Bean>
  <Bean name="EVNT1" type="SimpleEvents">
    <Enabled v="Y" />
    <Properties>
      <Component_name v="EVNT1" />
      <Critical_Section v="CS1" />
      <Initialize_on_Init v="yes" />
      <Event_Name_List>
        <StrgList><![CDATA[KEY1_PRESSED
KEY1_RELEASED
KEY1_LONG_RELEASED
]]></StrgList>
      </Event_Name_List>
      <Power_Save v="no" />
      <boolgroup name="Low Power" v="Disabled" />
    </Properties>
    <Methods>
      <SetEvent v="generate code" />
      <ClearEvent v="generate code" />
      <EventsPending v="generate code" />
      <GetEvent v="generate code" />
      <GetClearEvent v="generate code" />
      <HandleEvent v="generate code" />
    </Methods>
    <Events>
      <Event_module_name v="Events" />
      <event name="AppHandleEvent" v="generate code">
        <Event_procedure_name v="EVNT1_AppHandleEvent" />
      </event>
    </Events>
  </Bean>
  <Bean name="TRG1" type="Trigger">
    <Enabled v="Y" />
    <Properties>
      <Component_name v="TRG1" />
      <Critical_Section v="CS1" />
      <Trigger_Events>
        <StrgList><![CDATA[KEY1_PRESS /* key pressed, used by the KEY bean. Format is '<triggerName>_<keyName>_PRESS' */
EXAMPLE  /* example trigger */
]]></StrgList>
      </Trigger_Events>
      <boolgroup name="Low Power" v="Disabled" />
      <TickPeriodMs v="10" />
      <boolgroup name="RTOS" v="Enabled">
        <RTOS v="FRTOS1" />
      </boolgroup>
      <Initialize_on_Init v="yes" />
    </Properties>
    <Methods>
      <AddTrigger v="generate code" />
      <AddTick v="generate code" />
      <AnyTriggerPending v="generate code" />
      <TriggerPending v="generate code" />
    </Methods>
    <Events>
      <EmptySection_DummyValue />
    </Events>
  </Bean>
  <Bean name="PTC" type="Init_GPIO">
    <Enabled v="Y" />
    <Properties>
      <Component_name v="PTC" />
      <Device v="PTC" />
      <group name="Settings">
        <boolgroup name="Pin 0" v="Do not initialize" />
        <boolgroup name="Pin 1" v="Do not initialize" />
        <boolgroup name="Pin 2" v="Do not initialize" />
        <boolgroup name="Pin 3" v="Initialize">
          <Pin_direction v="No initialization" />
          <Output_value v="No initialization" />
          <Pull_resistor v="No initialization" />
          <Pull_selection v="Pull Up" />
          <Slew_rate v="No initialization" />
          <Interrupt_DMA_request v="No initialization" />
        </boolgroup>
        <boolgroup name="Pin 4" v="Do not initialize" />
        <boolgroup name="Pin 5" v="Do not initialize" />
        <boolgroup name="Pin 6" v="Do not initialize" />
        <boolgroup name="Pin 7" v="Do not initialize" />
        <boolgroup name="Pin 8" v="Do not initialize" />
        <boolgroup name="Pin 9" v="Do not initialize" />
        <boolgroup name="Pin 10" v="Do not initialize" />
        <boolgroup name="Pin 11" v="Do not initialize" />
      </group>
      <group name="Pins">
        <boolgroup name="Pin 0" v="Disabled" />
        <boolgroup name="Pin 1" v="Disabled" />
        <boolgroup name="Pin 2" v="Disabled" />
        <boolgroup name="Pin 3" v="Disabled" />
        <boolgroup name="Pin 4" v="Disabled" />
        <boolgroup name="Pin 5" v="Disabled" />
        <boolgroup name="Pin 6" v="Disabled" />
        <boolgroup name="Pin 7" v="Disabled" />
        <boolgroup name="Pin 8" v="Disabled" />
        <boolgroup name="Pin 9" v="Disabled" />
        <boolgroup name="Pin 10" v="Disabled" />
        <boolgroup name="Pin 11" v="Disabled" />
      </group>
      <group name="Interrupts">
        <boolgroup name="Port interrupt" v="Disabled" />
      </group>
      <group name="Initialization">
        <Call_Init_method v="yes" />
      </group>
    </Properties>
    <Methods>
      <Init v="generate code" />
    </Methods>
    <Events>
      <EmptySection_DummyValue />
    </Events>
  </Bean>
  <Bean name="KEY1" type="Key">
    <Enabled v="Y" />
    <Properties>
      <Component_name v="KEY1" />
      <Critical_Section v="CS1" />
      <Initialize_on_Init v="yes" />
      <Debounce_time__ms_ v="10" />
      <boolgroup name="Long key" v="Enabled">
        <Long_key_time__ms_ v="1000" />
        <boolgroup name="Holding key events" v="Disabled" />
      </boolgroup>
      <group name="Keys">
        <boolgroup name="Interrupt" v="Enabled">
          <inhrbean type="GenericKBI">
            <Enabled v="Y" />
            <Template v="key" />
            <Properties>
              <Component_name v="keyPin1" />
              <boolgroup name="Single Key" v="Enabled">
                <inhrbean type="ExtInt">
                  <Enabled v="Y" />
                  <Template v="kbi" />
                  <Properties>
                    <Component_name v="KeyISRpin1" />
                    <Pin v="PTC3/LLWU_P7/UART1_RX/TPM0_CH2/CLKOUT/I2S0_TX_BCLK" />
                    <Pin_signal v="SW1" />
                    <inhrbean type="ExtInt_LDD">
                      <Enabled v="Y" />
                      <Template v="ExtInt_LDD" />
                      <Properties>
                        <Component_name v="ExtIntLdd1" />
                        <Pin v="PTC3/LLWU_P7/UART1_RX/TPM0_CH2/CLKOUT/I2S0_TX_BCLK" />
                        <Pin_signal v="SW1" />
                        <Generate_interrupt_on v="falling edge" />
                        <Interrupt v="INT_PORTC_PORTD" />
                        <Interrupt_priority v="medium priority" />
                        <group name="Initialization">
                          <Enabled_in_init__code v="yes" />
                          <list name="Auto Initialization" v="1">
                            <Auto_initialization v="yes" />
                          </list>
                        </group>
                      </Properties>
                      <Methods>
                        <Init v="generate code" />
                        <Deinit v="don&amp;apos;t generate code" />
                        <Enable v="generate code" />
                        <Disable v="generate code" />
                        <GetVal v="generate code" />
                        <SetEdge v="don&amp;apos;t generate code" />
                        <SetOperationMode v="don&amp;apos;t generate code" />
                        <GetDriverState v="don&amp;apos;t generate code" />
                        <ConnectPin v="don&amp;apos;t generate code" />
                      </Methods>
                      <Events>
                        <Event_module_name v="Events" />
                        <event name="OnInterrupt" v="generate code">
                          <Event_procedure_name v="ExtIntLdd1_OnInterrupt" />
                        </event>
                      </Events>
                    </inhrbean>
                    <Generate_interrupt_on v="falling edge" />
                    <Interrupt v="INT_PORTC_PORTD" />
                    <Interrupt_priority v="medium priority" />
                    <group name="Initialization">
                      <Enabled_in_init__code v="yes" />
                    </group>
                  </Properties>
                  <Methods>
                    <Enable v="generate code" />
                    <Disable v="generate code" />
                    <GetVal v="generate code" />
                    <SetEdge v="don&amp;apos;t generate code" />
                    <ConnectPin v="don&amp;apos;t generate code" />
                  </Methods>
                  <Events>
                    <Event_module_name v="Events" />
                    <event name="OnInterrupt" v="generate code">
                      <Event_procedure_name v="KeyISRpin1_OnInterrupt" />
                      <Priority v="same as interrupt" />
                    </event>
                  </Events>
                </inhrbean>
              </boolgroup>
              <boolgroup name="Multiple Keys" v="Disabled" />
            </Properties>
            <Methods>
              <Enable v="generate code" />
              <Disable v="generate code" />
              <GetVal v="generate code" />
            </Methods>
            <Events>
              <Event_module_name v="Events" />
              <event name="OnInterrupt" v="generate code">
                <Event_procedure_name v="keyPin1_OnInterrupt" />
              </event>
            </Events>
          </inhrbean>
        </boolgroup>
        <boolgroup name="Polling" v="Disabled" />
        <Number_of_keys v="1" />
        <Open_is_logical_1 v="yes" />
      </group>
      <group name="Trigger">
        <Trigger v="TRG1" />
      </group>
      <boolgroup name="Low Power" v="Disabled" />
    </Properties>
    <Methods>
      <isIdle v="generate code" />
      <GetKeys v="generate code" />
      <ScanKeys v="generate code" />
    </Methods>
    <Events>
      <Event_module_name v="Events" />
      <event name="OnKeyPressed" v="generate code">
        <Event_procedure_name v="KEY1_OnKeyPressed" />
      </event>
      <event name="OnKeyReleased" v="generate code">
        <Event_procedure_name v="KEY1_OnKeyReleased" />
      </event>
      <event name="OnKeyReleasedLong" v="generate code">
        <Event_procedure_name v="KEY1_OnKeyReleasedLong" />
      </event>
      <event name="OnKeyHold" v="don&amp;apos;t generate code" />
    </Events>
  </Bean>
  <Bean name="AD1" type="ADC">
    <Enabled v="Y" />
    <Properties>
      <Component_name v="AD1" />
      <A_D_converter v="ADC0" />
      <Sharing v="Disabled" />
      <inhrbean type="ADC_LDD">
        <Enabled v="Y" />
        <Template v="ADC_LDD" />
        <Properties>
          <Component_name v="AdcLdd1" />
          <A_D_converter v="ADC0" />
          <Discontinuous_mode v="no" />
          <boolgroup name="Interrupt service/event" v="Enabled">
            <A_D_interrupt v="INT_ADC0" />
            <A_D_interrupt_priority v="medium priority" />
          </boolgroup>
          <boolgroup name="DMA" v="Disabled" />
          <list name="A/D channel list" v="1">
            <group name="Channel 0">
              <enumgroup name="Channel mode" v="Single Ended">
                <group name="Input">
                  <A_D_channel__pin_ v="ADC0_DP3/ADC0_SE3/PTE22/TPM2_CH0/UART2_TX" />
                  <A_D_channel__pin__signal v="LIGHT_SNS" />
                </group>
              </enumgroup>
            </group>
          </list>
          <boolgroup name="Static sample groups" v="Disabled" />
          <A_D_resolution sel_value="16 bits">
            
Autoselect

            <EmptySection_DummyValue />
          </A_D_resolution>
          <Low_power_mode v="Disabled" />
          <High_speed_conversion_mode v="Disabled" />
          <Asynchro_clock_output v="Disabled" />
          <Sample_time v="4 clock periods" />
          <Number_of_conversions v="1" />
          <Conversion_time v="25 &amp;#181;s" />
          <ADC_clock v="1000 kHz (1 us)" />
          <Single_conversion_time___Single_ended v="30.208 us" />
          <Single_conversion_time___Differential v="39.208 us" />
          <Additional_conversion_time___Single_ended v="25 us" />
          <Additional_conversion_time___Differential v="34 us" />
          <Result_type v="unsigned 16 bits, right justified" />
          <boolgroup name="Trigger" v="Disabled" />
          <group name="Voltage reference">
            <group name="High voltage reference">
              <Volt__ref__pin v="VREFH" />
              <Volt__ref_pin_signal v="" />
            </group>
            <group name="Low voltage reference">
              <Volt__ref__pin v="VREFL" />
              <Volt__ref_pin_signal v="" />
            </group>
          </group>
          <group name="Initialization">
            <Enabled_in_init__code v="yes" />
            <list name="Auto Initialization" v="1">
              <Auto_initialization v="no" />
            </list>
            <group name="Event mask">
              <OnMeasurementComplete v="Enabled" />
              <OnError v="Disabled" />
            </group>
          </group>
          <list name="CPU clock/configuration selection (included)" v="1">
            <group name="CPU clock/configuration selection">
              <Clock_configuration_0 v="This component enabled" />
              <Clock_configuration_1 v="This component disabled" />
              <Clock_configuration_2 v="This component disabled" />
              <Clock_configuration_3 v="This component disabled" />
              <Clock_configuration_4 v="This component disabled" />
              <Clock_configuration_5 v="This component disabled" />
              <Clock_configuration_6 v="This component disabled" />
              <Clock_configuration_7 v="This component disabled" />
            </group>
          </list>
        </Properties>
        <Methods>
          <Init v="generate code" />
          <Deinit v="don&amp;apos;t generate code" />
          <Enable v="don&amp;apos;t generate code" />
          <Disable v="don&amp;apos;t generate code" />
          <GetEventMask v="don&amp;apos;t generate code" />
          <SetEventMask v="don&amp;apos;t generate code" />
          <StartSingleMeasurement v="generate code" />
          <StartLoopMeasurement v="don&amp;apos;t generate code" />
          <StartSingleTriggeredMeasurement v="don&amp;apos;t generate code" />
          <StartLoopTriggeredMeasurement v="don&amp;apos;t generate code" />
          <CancelMeasurement v="generate code" />
          <GetMeasuredValues v="generate code" />
          <SelectSampleGroup v="don&amp;apos;t generate code" />
          <CreateSampleGroup v="generate code" />
          <GetMeasurementCompleteStatus v="generate code" />
          <EnableAutoCompare v="don&amp;apos;t generate code" />
          <DisableAutoCompare v="don&amp;apos;t generate code" />
          <StartCalibration v="generate code" />
          <GetCalibrationResultStatus v="generate code" />
          <SetOperationMode v="don&amp;apos;t generate code" />
          <GetDriverState v="don&amp;apos;t generate code" />
          <ConnectPin v="don&amp;apos;t generate code" />
          <SetBuffer v="don&amp;apos;t generate code" />
          <GetError v="don&amp;apos;t generate code" />
          <GetMeasuredSamplesCount v="don&amp;apos;t generate code" />
        </Methods>
        <Events>
          <Event_module_name v="Events" />
          <event name="OnMeasurementComplete" v="generate code">
            <Event_procedure_name v="AdcLdd1_OnMeasurementComplete" />
          </event>
          <event name="OnError" v="don&amp;apos;t generate code" />
        </Events>
      </inhrbean>
      <boolgroup name="Interrupt service/event" v="Enabled">
        <A_D_interrupt v="INT_ADC0" />
        <A_D_interrupt_priority v="medium priority" />
      </boolgroup>
      <list name="A/D channels" v="1">
        <group name="Channel0">
          <A_D_channel__pin_ v="ADC0_DP3/ADC0_SE3/PTE22/TPM2_CH0/UART2_TX" />
          <A_D_channel__pin__signal v="LIGHT_SNS" />
          <boolgroup name="Mode select" v="Single Ended" />
        </group>
      </list>
      <A_D_resolution sel_value="16 bits">
        
Autoselect

        <EmptySection_DummyValue />
      </A_D_resolution>
      <Conversion_time v="25 &amp;#181;s" />
      <Low_power_mode v="Disabled" />
      <High_speed_conversion_mode v="Disabled" />
      <Asynchro_clock_output v="Disabled" />
      <Sample_time v="0 = short" />
      <boolgroup name="Internal trigger" v="Disabled" />
      <Number_of_conversions v="1" />
      <group name="Initialization">
        <Enabled_in_init__code v="yes" />
        <Events_enabled_in_init_ v="yes" />
      </group>
      <group name="CPU clock/speed selection">
        <High_speed_mode v="This component enabled" />
        <Low_speed_mode v="This component disabled" />
        <Slow_speed_mode v="This component disabled" />
      </group>
    </Properties>
    <Methods>
      <Enable v="don&amp;apos;t generate code" />
      <Disable v="don&amp;apos;t generate code" />
      <EnableEvent v="don&amp;apos;t generate code" />
      <DisableEvent v="don&amp;apos;t generate code" />
      <Start v="don&amp;apos;t generate code" />
      <Stop v="don&amp;apos;t generate code" />
      <Measure v="generate code" />
      <MeasureChan v="don&amp;apos;t generate code" />
      <EnableExtChanTrigger v="don&amp;apos;t generate code" />
      <EnableIntChanTrigger v="don&amp;apos;t generate code" />
      <GetValue v="don&amp;apos;t generate code" />
      <GetChanValue v="don&amp;apos;t generate code" />
      <GetValue8 v="don&amp;apos;t generate code" />
      <GetChanValue8 v="don&amp;apos;t generate code" />
      <GetValue16 v="generate code" />
      <GetChanValue16 v="don&amp;apos;t generate code" />
      <Calibrate v="generate code" />
      <GetCalibrationStatus v="don&amp;apos;t generate code" />
      <EnableAsynchroClock v="don&amp;apos;t generate code" />
      <DisableAsynchroClock v="don&amp;apos;t generate code" />
      <EnableAutoCompare v="don&amp;apos;t generate code" />
      <EnableRangeAutoCompare v="don&amp;apos;t generate code" />
      <DisableAutoCompare v="don&amp;apos;t generate code" />
      <ConnectPin v="don&amp;apos;t generate code" />
    </Methods>
    <Events>
      <Event_module_name v="Events" />
      <event name="BeforeNewSpeed" v="don&amp;apos;t generate code" />
      <event name="AfterNewSpeed" v="don&amp;apos;t generate code" />
      <event name="OnEnd" v="don&amp;apos;t generate code" />
      <event name="OnCalibrationEnd" v="don&amp;apos;t generate code" />
    </Events>
  </Bean>
  <Bean name="HF1" type="HardFault">
    <Enabled v="Y" />
    <Properties>
      <Component_name v="HF1" />
    </Properties>
    <Methods>
      <HardFaultHandler v="generate code" />
    </Methods>
    <Events>
      <EmptySection_DummyValue />
    </Events>
  </Bean>
  <Bean name="FRTOS1" type="FreeRTOS">
    <Enabled v="Y" />
    <Properties>
      <Component_name v="FRTOS1" />
      <RTOS_Version v="V8.0.0" />
      <group name="Custom Port">
        <Compiler v="automatic" />
        <boolgroup name="Static Sources" v="Disabled" />
        <boolgroup name="Custom portBASE_TYPE" v="Disabled" />
      </group>
      <Classic_CodeWarrior v="no" />
      <Disabled_Interrupts_in_Startup v="yes" />
      <Application_Task_Tags v="no" />
      <Use_Trace_Facility v="yes" />
      <boolgroup name="Trace Hooks" v="Disabled" />
      <boolgroup name="Collect Runtime Statistics" v="Enabled">
        <boolgroup name="LDD" v="Enabled">
          <inhrbean type="TimerUnit_LDD">
            <Enabled v="Y" />
            <Template v="RuntimeCntrLDD" />
            <Properties>
              <Component_name v="RTOSCNTRLDD1" />
              <Module_name v="TPM0" />
              <Counter v="TPM0_CNT" />
              <Counter_direction v="Up" />
              <Counter_width v="16 bits" />
              <Value_type v="Optimal" />
              <enumgroup name="Input clock source" v="Internal">
                <Counter_frequency v="48 MHz" />
              </enumgroup>
              <enumgroup name="Counter restart" v="On-overrun">
                <Overrun_period v="Auto select" />
                <boolgroup name="Interrupt" v="Enabled">
                  <Interrupt v="INT_TPM0" />
                  <Interrupt_priority v="medium priority" />
                </boolgroup>
              </enumgroup>
              <list name="Channel list" v="0">
                <EmptySection_DummyValue />
              </list>
              <group name="Initialization">
                <Enabled_in_init__code v="yes" />
                <list name="Auto Initialization" v="1">
                  <Auto_initialization v="no" />
                </list>
                <group name="Event mask">
                  <OnCounterRestart v="Enabled" />
                  <OnChannel0 v="Disabled" />
                  <OnChannel1 v="Disabled" />
                  <OnChannel2 v="Disabled" />
                  <OnChannel3 v="Disabled" />
                  <OnChannel4 v="Disabled" />
                  <OnChannel5 v="Disabled" />
                  <OnChannel6 v="Disabled" />
                  <OnChannel7 v="Disabled" />
                </group>
              </group>
              <list name="CPU clock/configuration selection (included)" v="1">
                <group name="CPU clock/configuration selection">
                  <Clock_configuration_0 v="This component enabled" />
                  <Clock_configuration_1 v="This component disabled" />
                  <Clock_configuration_2 v="This component disabled" />
                  <Clock_configuration_3 v="This component disabled" />
                  <Clock_configuration_4 v="This component disabled" />
                  <Clock_configuration_5 v="This component disabled" />
                  <Clock_configuration_6 v="This component disabled" />
                  <Clock_configuration_7 v="This component disabled" />
                </group>
              </list>
            </Properties>
            <Methods>
              <Init v="generate code" />
              <Deinit v="generate code" />
              <Enable v="generate code" />
              <Disable v="generate code" />
              <SetEventMask v="don&amp;apos;t generate code" />
              <GetEventMask v="don&amp;apos;t generate code" />
              <GetEventStatus v="don&amp;apos;t generate code" />
              <SelectInputFrequency v="don&amp;apos;t generate code" />
              <GetInputFrequencyReal v="don&amp;apos;t generate code" />
              <GetInputFrequency v="don&amp;apos;t generate code" />
              <SetPeriodTicks v="don&amp;apos;t generate code" />
              <GetPeriodTicks v="don&amp;apos;t generate code" />
              <ResetCounter v="don&amp;apos;t generate code" />
              <GetCounterValue v="don&amp;apos;t generate code" />
              <SetOffsetTicks v="don&amp;apos;t generate code" />
              <GetOffsetTicks v="don&amp;apos;t generate code" />
              <GetCaptureValue v="don&amp;apos;t generate code" />
              <SelectOutputAction v="don&amp;apos;t generate code" />
              <SelectCaptureEdge v="don&amp;apos;t generate code" />
              <ConnectPin v="don&amp;apos;t generate code" />
              <SetOperationMode v="don&amp;apos;t generate code" />
              <GetDriverState v="don&amp;apos;t generate code" />
            </Methods>
            <Events>
              <Event_module_name v="Events" />
              <event name="OnCounterRestart" v="generate code">
                <Event_procedure_name v="RTOSCNTRLDD1_OnCounterRestart" />
              </event>
              <event name="OnChannel0" v="don&amp;apos;t generate code" />
              <event name="OnChannel1" v="don&amp;apos;t generate code" />
              <event name="OnChannel2" v="don&amp;apos;t generate code" />
              <event name="OnChannel3" v="don&amp;apos;t generate code" />
              <event name="OnChannel4" v="don&amp;apos;t generate code" />
              <event name="OnChannel5" v="don&amp;apos;t generate code" />
              <event name="OnChannel6" v="don&amp;apos;t generate code" />
              <event name="OnChannel7" v="don&amp;apos;t generate code" />
            </Events>
          </inhrbean>
        </boolgroup>
        <boolgroup name="non-LDD" v="Disabled" />
      </boolgroup>
      <group name="Scheduler">
        <boolgroup name="ColdFire V1" v="Disabled" />
        <boolgroup name="ColdFire V2" v="Disabled" />
        <boolgroup name="Kinetis" v="Enabled">
          <ARM_Family v="Cortex M0+" />
          <Floating_Point_Support v="no" />
          <Max_SysCall_Interrupt_Priority v="2" />
          <RTOS_Interrupt_Priority v="3" />
          <Lowest_Interrupt_Priority v="3" />
          <Compiler_Optimization_Level v="0" />
          <boolgroup name="SysTick" v="Enabled">
            <Core_Clock v="yes" />
          </boolgroup>
          <boolgroup name="Low Power Timer" v="Disabled" />
        </boolgroup>
        <boolgroup name="non-LDD SWI" v="Disabled" />
        <Preemptive v="yes" />
        <Use_Co_Routines v="no" />
        <Idle_should_yield v="yes" />
        <Task_Name_Length v="12" />
        <Minimal_Stack_Size v="200" />
        <Maximum_Priorities v="6" />
        <Maximum_Coroutine_Priorities v="2" />
        <Stackoverflow_checking_method v="Method 1" />
        <Cleanup_Resources v="yes" />
      </group>
      <group name="Ticks">
        <boolgroup name="Tickless Idle Mode" v="Disabled" />
        <Tick_Rate__Hz_ v="1000" />
        <Use_16bit_ticks v="no" />
        <boolgroup name="non-LDD Tick" v="Disabled" />
        <boolgroup name="LDD Tick" v="Disabled" />
      </group>
      <group name="Queues">
        <Queue_Registry_Size v="0" />
        <Queue_Sets v="no" />
      </group>
      <group name="Semaphores and Mutexes">
        <Use_Mutexes v="yes" />
        <Use_Recursive_Mutexes v="yes" />
      </group>
      <boolgroup name="Timers" v="Disabled" />
      <group name="Memory">
        <Memory_Allocation_Scheme v="Scheme 2" />
        <boolgroup name="User Heap Section" v="Disabled" />
        <Total_Heap_Size v="10000" />
      </group>
      <boolgroup name="Shell" v="Enabled">
        <Shell v="CLS1" />
      </boolgroup>
      <Utility v="UTIL1" />
    </Properties>
    <Methods>
      <xTaskCreate v="generate code" />
      <vTaskDelete v="don&amp;apos;t generate code" />
      <vTaskStartScheduler v="generate code" />
      <vTaskEndScheduler v="don&amp;apos;t generate code" />
      <vTaskSuspend v="generate code" />
      <vTaskSuspendAll v="generate code" />
      <vTaskResume v="generate code" />
      <xTaskResumeAll v="generate code" />
      <xTaskResumeFromISR v="generate code" />
      <vTaskStepTick v="don&amp;apos;t generate code" />
      <taskYIELD v="generate code" />
      <taskENTER_CRITICAL v="generate code" />
      <taskEXIT_CRITICAL v="generate code" />
      <taskDISABLE_INTERRUPTS v="generate code" />
      <taskENABLE_INTERRUPTS v="generate code" />
      <vTaskDelay v="generate code" />
      <vTaskDelayUntil v="generate code" />
      <uxTaskPriorityGet v="generate code" />
      <vTaskPrioritySet v="generate code" />
      <xTaskGetTickCount v="generate code" />
      <xTaskGetTickCountFromISR v="generate code" />
      <xSemaphoreCreateRecursiveMutex v="generate code" />
      <xSemaphoreTakeRecursive v="generate code" />
      <xSemaphoreGiveRecursive v="generate code" />
      <xSemaphoreCreateMutex v="generate code" />
      <xSemaphoreTake v="generate code" />
      <xSemaphoreGive v="generate code" />
      <vSemaphoreCreateBinary v="generate code" />
      <xSemaphoreCreateCounting v="generate code" />
      <xSemaphoreGiveFromISR v="generate code" />
      <xSemaphoreTakeFromISR v="generate code" />
      <vSemaphoreDelete v="generate code" />
      <xSemaphoreGetMutexHolder v="generate code" />
      <pvPortMalloc v="generate code" />
      <vPortFree v="generate code" />
      <xPortGetFreeHeapSize v="generate code" />
      <vTaskSetApplicationTaskTag v="don&amp;apos;t generate code" />
      <xTaskGetApplicationTaskTag v="don&amp;apos;t generate code" />
      <xTaskCallApplicationTaskHook v="don&amp;apos;t generate code" />
      <xTaskGetCurrentTaskHandle v="don&amp;apos;t generate code" />
      <xTaskGetIdleTaskHandle v="don&amp;apos;t generate code" />
      <pcTaskGetTaskName v="don&amp;apos;t generate code" />
      <eTaskGetState v="don&amp;apos;t generate code" />
      <xTaskGetSchedulerState v="generate code" />
      <vTaskList v="generate code" />
      <uxTaskGetStackHighWaterMark v="generate code" />
      <uxTaskGetNumberOfTasks v="generate code" />
      <vTaskGetRunTimeStats v="generate code" />
      <uxQueueMessagesWaiting v="generate code" />
      <uxQueueMessagesWaitingfromISR v="generate code" />
      <xQueueCreate v="generate code" />
      <vQueueDelete v="generate code" />
      <xQueueReset v="generate code" />
      <xQueueSendToBack v="generate code" />
      <xQueueSendToFront v="generate code" />
      <xQueueReceive v="generate code" />
      <xQueueOverwrite v="generate code" />
      <xQueueOverwriteFromISR v="generate code" />
      <xQueuePeek v="generate code" />
      <xQueuePeekFromISR v="generate code" />
      <xQueueSendToBackFromISR v="generate code" />
      <xQueueSendToFrontFromISR v="generate code" />
      <xQueueReceiveFromISR v="generate code" />
      <vQueueAddToRegistry v="generate code" />
      <vQueueUnregisterQueue v="generate code" />
      <xQueueIsQueueFullFromISR v="generate code" />
      <xQueueIsQueueEmptyFromISR v="generate code" />
      <xQueueCreateSet v="don&amp;apos;t generate code" />
      <xQueueAddToSet v="don&amp;apos;t generate code" />
      <xQueueRemoveFromSet v="don&amp;apos;t generate code" />
      <xQueueSelectFromSet v="don&amp;apos;t generate code" />
      <xQueueSelectFromSetFromISR v="don&amp;apos;t generate code" />
      <xEventGroupCreate v="generate code" />
      <xEventGroupWaitBits v="generate code" />
      <xEventGroupSetBits v="generate code" />
      <xEventGroupSetBitsFromISR v="generate code" />
      <xEventGroupClearBits v="generate code" />
      <xEventGroupClearBitsFromISR v="generate code" />
      <xEventGroupGetBits v="generate code" />
      <xEventGroupGetBitsFromISR v="generate code" />
      <xEventGroupSync v="generate code" />
      <ParseCommand v="generate code" />
      <Init v="generate code" />
    </Methods>
    <Events>
      <Event_module_name v="Events" />
      <event name="vApplicationStackOverflowHook" v="generate code">
        <Event_procedure_name v="FRTOS1_vApplicationStackOverflowHook" />
      </event>
      <event name="vApplicationTickHook" v="generate code">
        <Event_procedure_name v="FRTOS1_vApplicationTickHook" />
      </event>
      <event name="vApplicationIdleHook" v="generate code">
        <Event_procedure_name v="FRTOS1_vApplicationIdleHook" />
      </event>
      <event name="vApplicationMallocFailedHook" v="generate code">
        <Event_procedure_name v="FRTOS1_vApplicationMallocFailedHook" />
      </event>
      <event name="vOnPreSleepProcessing" v="don&amp;apos;t generate code" />
      <event name="vOnPostSleepProcessing" v="don&amp;apos;t generate code" />
    </Events>
  </Bean>
  <Bean name="I2CSPY1" type="I2CSpy">
    <Enabled v="Y" />
    <Properties>
      <Component_name v="I2CSPY1" />
      <I2C v="GI2C1" />
      <Default_Address v="29" />
      <Default_Address_Size v="1" />
      <Default_Bytes_per_Line v="8" />
      <boolgroup name="Shell" v="Enabled">
        <Shell v="CLS1" />
        <Utility v="UTIL1" />
      </boolgroup>
    </Properties>
    <Methods>
      <Init v="generate code" />
      <Deinit v="generate code" />
      <SetDeviceAddress v="generate code" />
      <GetDeviceAddress v="generate code" />
      <SetAddressSize v="generate code" />
      <SetBytesPerLine v="generate code" />
      <ReadRegData v="generate code" />
      <WriteRegData v="generate code" />
      <ParseCommand v="generate code" />
    </Methods>
    <Events>
      <EmptySection_DummyValue />
    </Events>
  </Bean>
  <Bean name="I2C1" type="I2C_LDD">
    <Enabled v="Y" />
    <Properties>
      <Component_name v="I2C1" />
      <I2C_channel v="I2C0" />
      <boolgroup name="Interrupt service" v="Enabled">
        <Interrupt v="INT_I2C0" />
        <Interrupt_priority v="medium priority" />
      </boolgroup>
      <group name="Settings">
        <Mode_selection v="MASTER" />
        <boolgroup name="MASTER mode" v="Enabled">
          <group name="Initialization">
            <Address_mode v="7-bit addressing" />
            <Target_slave_address_init v="0" />
          </group>
        </boolgroup>
        <boolgroup name="SLAVE mode" v="Disabled" />
        <group name="Pins">
          <group name="SDA pin">
            <SDA_pin v="PTE25/TPM0_CH1/I2C0_SDA" />
            <SDA_pin_signal v="I2C_SDA" />
          </group>
          <group name="SCL pin">
            <SCL_pin v="PTE24/TPM0_CH0/I2C0_SCL" />
            <SCL_pin_signal v="I2C_SCL" />
          </group>
          <High_drive_select v="Disabled" />
          <Input_Glitch_filter v="0" />
        </group>
        <Internal_frequency__multiplier_factor_ v="24 MHz" />
        <Bits_0_2_of_Frequency_divider_register v="111" />
        <Bits_3_5_of_Frequency_divider_register v="010" />
        <SCL_frequency v="187.5 kHz" />
        <SDA_Hold v="0.875 us" />
        <SCL_start_Hold v="2.417 us" />
        <SCL_stop_Hold v="2.708 us" />
        <boolgroup name="Control acknowledge bit" v="Disabled" />
        <boolgroup name="Low timeout" v="Disabled" />
      </group>
      <group name="Initialization">
        <Enabled_in_init_code v="yes" />
        <list name="Auto Initialization" v="1">
          <Auto_initialization v="no" />
        </list>
        <group name="Event mask">
          <OnMasterBlockSent v="Enabled" />
          <OnMasterBlockReceived v="Enabled" />
          <OnMasterByteReceived v="Disabled" />
          <OnSlaveBlockSent v="Disabled" />
          <OnSlaveBlockReceived v="Disabled" />
          <OnSlaveByteReceived v="Disabled" />
          <OnSlaveRxRequest v="Disabled" />
          <OnSlaveTxRequest v="Disabled" />
          <OnSlaveGeneralCallAddr v="Disabled" />
          <OnSlaveSmBusCallAddr v="Disabled" />
          <OnSlaveSmBusAlertResponse v="Disabled" />
          <OnError v="Disabled" />
          <OnBusStopDetected v="Disabled" />
        </group>
      </group>
      <list name="CPU clock/configuration selection (included)" v="1">
        <group name="CPU clock/configuration selection">
          <Clock_configuration_0 v="This component enabled" />
          <Clock_configuration_1 v="This component disabled" />
          <Clock_configuration_2 v="This component disabled" />
          <Clock_configuration_3 v="This component disabled" />
          <Clock_configuration_4 v="This component disabled" />
          <Clock_configuration_5 v="This component disabled" />
          <Clock_configuration_6 v="This component disabled" />
          <Clock_configuration_7 v="This component disabled" />
        </group>
      </list>
    </Properties>
    <Methods>
      <Init v="generate code" />
      <Deinit v="generate code" />
      <Enable v="don&amp;apos;t generate code" />
      <Disable v="don&amp;apos;t generate code" />
      <SetEventMask v="don&amp;apos;t generate code" />
      <GetEventMask v="don&amp;apos;t generate code" />
      <MasterSendBlock v="generate code" />
      <MasterGetBlockSentStatus v="don&amp;apos;t generate code" />
      <MasterGetSentDataNum v="don&amp;apos;t generate code" />
      <MasterReceiveBlock v="generate code" />
      <MasterGetBlockReceivedStatus v="don&amp;apos;t generate code" />
      <MasterGetReceivedDataNum v="don&amp;apos;t generate code" />
      <MasterUpdateReceiveBlockSize v="don&amp;apos;t generate code" />
      <SlaveSendBlock v="don&amp;apos;t generate code" />
      <SlaveGetBlockSentStatus v="don&amp;apos;t generate code" />
      <SlaveGetSentDataNum v="don&amp;apos;t generate code" />
      <SlaveCancelTransmissionBlock v="don&amp;apos;t generate code" />
      <SlaveReceiveBlock v="don&amp;apos;t generate code" />
      <SlaveGetBlockReceivedStatus v="don&amp;apos;t generate code" />
      <SlaveGetReceivedDataNum v="don&amp;apos;t generate code" />
      <SlaveUpdateReceiveBlockSize v="don&amp;apos;t generate code" />
      <SlaveCancelReceptionBlock v="don&amp;apos;t generate code" />
      <SelectSlaveDevice v="generate code" />
      <SendAcknowledge v="don&amp;apos;t generate code" />
      <GetError v="generate code" />
      <CheckBus v="don&amp;apos;t generate code" />
      <GetStats v="don&amp;apos;t generate code" />
      <ClearStats v="don&amp;apos;t generate code" />
      <Main v="don&amp;apos;t generate code" />
      <ConnectPin v="don&amp;apos;t generate code" />
      <SetOperationMode v="don&amp;apos;t generate code" />
      <GetDriverState v="don&amp;apos;t generate code" />
    </Methods>
    <Events>
      <Event_module_name v="Events" />
      <event name="OnMasterBlockSent" v="generate code">
        <Event_procedure_name v="I2C1_OnMasterBlockSent" />
      </event>
      <event name="OnMasterBlockReceived" v="generate code">
        <Event_procedure_name v="I2C1_OnMasterBlockReceived" />
      </event>
      <event name="OnMasterByteReceived" v="don&amp;apos;t generate code" />
      <event name="OnSlaveBlockSent" v="don&amp;apos;t generate code" />
      <event name="OnSlaveBlockReceived" v="don&amp;apos;t generate code" />
      <event name="OnSlaveByteReceived" v="don&amp;apos;t generate code" />
      <event name="OnSlaveRxRequest" v="don&amp;apos;t generate code" />
      <event name="OnSlaveTxRequest" v="don&amp;apos;t generate code" />
      <event name="OnSlaveGeneralCallAddr" v="don&amp;apos;t generate code" />
      <event name="OnSlaveSmBusCallAddr" v="don&amp;apos;t generate code" />
      <event name="OnSlaveSmBusAlertResponse" v="don&amp;apos;t generate code" />
      <event name="OnError" v="don&amp;apos;t generate code" />
      <event name="OnBusStopDetected" v="don&amp;apos;t generate code" />
    </Events>
  </Bean>
  <Bean name="GI2C1" type="GenericI2C">
    <Enabled v="Y" />
    <Properties>
      <Component_name v="GI2C1" />
      <Wait v="WAIT1" />
      <Write_Buffer_Size v="16" />
      <boolgroup name="non-LDD I2C" v="Disabled" />
      <boolgroup name="LDD I2C" v="Enabled">
        <I2C v="I2C1" />
        <boolgroup name="Timeout" v="Enabled">
          <Timeout v="TMOUT1" />
          <us v="1000" />
        </boolgroup>
      </boolgroup>
      <boolgroup name="RTOS" v="Enabled">
        <RTOS v="FRTOS1" />
        <Semaphore v="yes" />
      </boolgroup>
      <Init___on_startup v="yes" />
    </Properties>
    <Methods>
      <SelectSlave v="generate code" />
      <UnselectSlave v="generate code" />
      <RequestBus v="generate code" />
      <ReleaseBus v="generate code" />
      <ReadBlock v="generate code" />
      <WriteBlock v="generate code" />
      <ReadAddress v="generate code" />
      <WriteAddress v="generate code" />
      <ReadByteAddress8 v="generate code" />
      <WriteByteAddress8 v="generate code" />
      <ProbeACK v="generate code" />
      <GetSemaphore v="generate code" />
      <Deinit v="generate code" />
      <ScanDevice v="generate code" />
      <Init v="generate code" />
    </Methods>
    <Events>
      <Event_module_name v="Events" />
      <event name="OnMasterBlockSent" v="don&amp;apos;t generate code" />
      <event name="OnMasterBlockReceived" v="don&amp;apos;t generate code" />
      <event name="OnRequestBus" v="generate code">
        <Event_procedure_name v="GI2C1_OnRequestBus" />
      </event>
      <event name="OnReleaseBus" v="generate code">
        <Event_procedure_name v="GI2C1_OnReleaseBus" />
      </event>
    </Events>
  </Bean>
  <Bean name="FX1" type="FXOS8700CQ">
    <Enabled v="Y" />
    <Properties>
      <Component_Name v="FX1" />
      <Slave_Address v="1D" />
      <I2C_Bus v="GI2C1" />
      <Temperature_offset v="-4" />
      <boolgroup name="Constant Offsets" v="Enabled">
        <X_offset v="0" />
        <Y_offset v="0" />
        <Z_offset v="0" />
      </boolgroup>
      <boolgroup name="Shell" v="Enabled">
        <Shell v="CLS1" />
        <Utility v="UTIL1" />
      </boolgroup>
    </Properties>
    <Methods>
      <Enable v="generate code" />
      <Disable v="generate code" />
      <isEnabled v="generate code" />
      <ReadReg8 v="generate code" />
      <WriteReg8 v="generate code" />
      <GetX v="generate code" />
      <GetY v="generate code" />
      <GetZ v="generate code" />
      <GetRaw8XYZ v="generate code" />
      <CalibrateX1g v="generate code" />
      <CalibrateY1g v="generate code" />
      <CalibrateZ1g v="generate code" />
      <GetXmg v="generate code" />
      <GetYmg v="generate code" />
      <GetZmg v="generate code" />
      <MeasureGetRawX v="generate code" />
      <MeasureGetRawY v="generate code" />
      <MeasureGetRawZ v="generate code" />
      <GetXOffset v="generate code" />
      <GetYOffset v="generate code" />
      <GetZOffset v="generate code" />
      <GetX1gValue v="generate code" />
      <GetY1gValue v="generate code" />
      <GetZ1gValue v="generate code" />
      <SetFastMode v="generate code" />
      <WhoAmI v="generate code" />
      <GetTemperature v="generate code" />
      <GetMagX v="generate code" />
      <GetMagY v="generate code" />
      <GetMagZ v="generate code" />
      <ParseCommand v="generate code" />
      <Init v="generate code" />
      <Deinit v="generate code" />
      <MagneticSensorReset v="generate code" />
    </Methods>
    <Events>
      <EmptySection_DummyValue />
    </Events>
  </Bean>
  <Bean name="TMOUT1" type="Timeout">
    <Enabled v="Y" />
    <Template v="Timeout" />
    <Properties>
      <Component_name v="TMOUT1" />
      <Critical_Section v="CS1" />
      <Maximum_counters v="1" />
      <Counter_tick_period__ms_ v="10" />
      <boolgroup name="RTOS" v="Enabled">
        <RTOS v="FRTOS1" />
      </boolgroup>
    </Properties>
    <Methods>
      <GetCounter v="generate code" />
      <LeaveCounter v="generate code" />
      <Value v="generate code" />
      <CounterExpired v="generate code" />
      <AddTick v="generate code" />
      <Init v="generate code" />
    </Methods>
    <Events>
      <EmptySection_DummyValue />
    </Events>
  </Bean>
  <Bean name="CS1" type="CriticalSection">
    <Enabled v="Y" />
    <Properties>
      <Component_name v="CS1" />
      <Use_Processor_Expert_Default v="no" />
    </Properties>
    <Methods>
      <CriticalVariable v="generate code" />
      <EnterCritical v="generate code" />
      <ExitCritical v="generate code" />
    </Methods>
    <Events>
      <EmptySection_DummyValue />
    </Events>
  </Bean>
</PE_PROJECT_SETTINGS_DOCUMENTATION>

