<?xml version="1.0" encoding="UTF-8"?>
<PE_PROJECT_SETTINGS_DOCUMENTATION>
  <PE_product_version v="version 10.4 for Freescale Microcontrollers" />
  <PE_core_version v="Processor Expert Version 0509" />
  <CPU_Bean name="Cpu" type="MKL25Z128LK4">
    <Enabled v="Y" />
    <Properties>
      <Component_name v="Cpu" />
      <CPU_type v="MKL25Z128VLK4" />
      <list name="Shared Internal properties" v="1">
        <EmptySection_DummyValue />
      </list>
      <list name="Shared Clock settings" v="1">
        <group name="Clock settings">
          <group name="Internal oscillator">
            <Slow_internal_reference_clock__kHz_ v="32.768000000000" />
            <boolgroup name="Initialize slow trim value" v="no" />
            <Fast_internal_reference_clock__MHz_ v="4" />
            <boolgroup name="Initialize fast trim value" v="no" />
          </group>
          <boolgroup name="RTC clock input" v="Disabled" />
          <boolgroup name="System oscillator 0" v="Enabled">
            <enumgroup name="Clock source" v="External crystal">
              <group name="Clock input pin">
                <Pin_name v="EXTAL0/PTA18/UART1_RX/TPM_CLKIN0" />
              </group>
              <group name="Clock output pin">
                <Pin_name v="XTAL0/PTA19/UART1_TX/TPM_CLKIN1/LPTMR0_ALT1" />
              </group>
              <Clock_frequency__MHz_ v="8" />
              <Capacitor_load v="0pF" />
              <Oscillator_operating_mode v="Low power" />
            </enumgroup>
          </boolgroup>
          <list name="Clock source settings" v="1">
            <group name="Clock source setting 0">
              <group name="Internal reference clock">
                <MCGIRCLK_clock v="Enabled" />
                <MCGIRCLK_in_stop v="Disabled" />
                <enumgroup name="MCGIRCLK source" v="Slow">
                  <EmptySection_DummyValue />
                </enumgroup>
                <MCGIRCLK_clock__MHz_ v="0.032768000000" />
              </group>
              <group name="External reference clock">
                <OSC0ERCLK_clock v="Enabled" />
                <OSC0ERCLK_in_stop v="Disabled" />
                <OSC0ERCLK_clock__MHz_ v="8" />
                <ERCLK32K_clock_source v="Auto select" />
                <ERCLK32K__clock__MHz_ v="0.001000000000" />
              </group>
              <group name="MCG settings">
                <enumgroup name="MCG mode" v="PEE">
                  <EmptySection_DummyValue />
                </enumgroup>
                <MCG_output_clock v="PLL clock" />
                <MCG_output__MHz_ v="96" />
                <MCG_external_ref__clock__MHz_ v="8" />
                <Clock_monitor v="Disabled" />
                <group name="FLL settings">
                  <FLL_module v="Disabled" />
                  <FLL_output__MHz_ v="0" />
                  <MCGFFCLK_clock__kHz_ v="31.250000000000" />
                  <enumgroup name="Reference clock source" v="External clock">
                    <Reference_clock_divider v="Auto select" />
                  </enumgroup>
                  <FLL_reference_clock__kHz_ v="31.250000000000" />
                  <Multiplication_factor v="Auto select" />
                </group>
                <group name="PLL 0 settings">
                  <PLL_module v="Enabled" />
                  <PLL_module_in_Stop v="Disabled" />
                  <PLL_output__MHz_ v="96" />
                  <Reference_clock_divider v="Auto select" />
                  <PLL_reference_clock__MHz_ v="4" />
                  <Multiplication_factor v="Auto select" />
                  <Loss_of_lock_interrupt v="Disabled" />
                </group>
              </group>
            </group>
          </list>
        </group>
      </list>
      <Initialization_priority v="interrupts enabled" />
      <Watchdog_disable v="yes" />
      <group name="Internal peripherals">
        <list name="Shared NMI settings" v="1">
          <boolgroup name="NMI pin" v="Enabled">
            <NMI_Pin v="TSI0_CH5/PTA4/I2C1_SDA/TPM0_CH1/NMI_b" />
          </boolgroup>
        </list>
        <list name="Shared Reset settings" v="1">
          <boolgroup name="Reset control" v="Enabled">
            <Reset_pin v="PTA20/RESET_b" />
            <Filter_in_STOP v="Disabled" />
            <Filter_in_RUN_WAIT v="Disabled" />
            <Filter_width v="1" />
          </boolgroup>
        </list>
        <list name="Shared Flash memory organization" v="1">
          <group name="Flash memory organization">
            <list name="Shared FLASH settings" v="1">
              <EmptySection_DummyValue />
            </list>
            <list name="Flash blocks" v="1">
              <group name="Flash block 0">
                <Address v="0" />
                <Size v="131072" />
                <Write_unit_size v="4" />
                <Erase_unit_size v="1024" />
                <Protection_unit_size v="4096" />
              </group>
            </list>
          </group>
        </list>
        <list name="Shared Flash Config settings" v="1">
          <boolgroup name="Flash configuration field" v="Enabled">
            <group name="Security settings">
              <boolgroup name="Flash security" v="Disabled" />
              <Freescale_failure_analysis_access v="Enabled" />
              <Mass_erase v="Enabled" />
              <Backdoor_key_security v="Disabled" />
              <Backdoor_key_0 v="255" />
              <Backdoor_key_1 v="255" />
              <Backdoor_key_2 v="255" />
              <Backdoor_key_3 v="255" />
              <Backdoor_key_4 v="255" />
              <Backdoor_key_5 v="255" />
              <Backdoor_key_6 v="255" />
              <Backdoor_key_7 v="255" />
            </group>
            <group name="Protection regions">
              <group name="P-Flash protection settings">
                <Protection_region_size v="4096" />
                <P_Flash_protection v="4294967295" />
                <group name="Protection regions">
                  <Protection_region_0 v="Unprotected" />
                  <Protection_region_1 v="Unprotected" />
                  <Protection_region_2 v="Unprotected" />
                  <Protection_region_3 v="Unprotected" />
                  <Protection_region_4 v="Unprotected" />
                  <Protection_region_5 v="Unprotected" />
                  <Protection_region_6 v="Unprotected" />
                  <Protection_region_7 v="Unprotected" />
                  <Protection_region_8 v="Unprotected" />
                  <Protection_region_9 v="Unprotected" />
                  <Protection_region_10 v="Unprotected" />
                  <Protection_region_11 v="Unprotected" />
                  <Protection_region_12 v="Unprotected" />
                  <Protection_region_13 v="Unprotected" />
                  <Protection_region_14 v="Unprotected" />
                  <Protection_region_15 v="Unprotected" />
                  <Protection_region_16 v="Unprotected" />
                  <Protection_region_17 v="Unprotected" />
                  <Protection_region_18 v="Unprotected" />
                  <Protection_region_19 v="Unprotected" />
                  <Protection_region_20 v="Unprotected" />
                  <Protection_region_21 v="Unprotected" />
                  <Protection_region_22 v="Unprotected" />
                  <Protection_region_23 v="Unprotected" />
                  <Protection_region_24 v="Unprotected" />
                  <Protection_region_25 v="Unprotected" />
                  <Protection_region_26 v="Unprotected" />
                  <Protection_region_27 v="Unprotected" />
                  <Protection_region_28 v="Unprotected" />
                  <Protection_region_29 v="Unprotected" />
                  <Protection_region_30 v="Unprotected" />
                  <Protection_region_31 v="Unprotected" />
                </group>
              </group>
            </group>
            <group name="Peripheral settings">
              <Reset_pin_function v="Enabled" />
              <NMI_function v="Enabled" />
              <FLASH_initialization_speed v="Fast" />
              <Clock_dividers_settings v="Fast clock boot" />
            </group>
          </boolgroup>
        </list>
        <list name="Shared Peripheral Bridge MCM settings" v="1">
          <boolgroup name="MCM settings" v="Disabled" />
        </list>
        <list name="Shared Power Management Controller settings" v="1">
          <group name="Power management controller">
            <LVD_reset v="Enabled" />
            <LVD_voltage_treshold v="Low" />
            <LVW_voltage_treshold v="Low" />
            <Bandgap_buffer v="Disabled" />
            <Bandgap_buffer_in_VLPx v="Disabled" />
            <group name="LVD interrupt">
              <Interrupt v="INT_LVD_LVW" />
              <Interrupt_request v="Disabled" />
              <Interrupt_priority v="0 (Highest)" />
              <LVD_interrupt v="Disabled" />
              <LVW_interrupt v="Disabled" />
            </group>
          </group>
        </list>
        <list name="Shared ClockGate settings" v="1">
          <group name="System Integration Module">
            <boolgroup name="CLKOUT pin control" v="Disabled" />
            <boolgroup name="Clock gating control" v="Disabled" />
          </group>
        </list>
      </group>
      <list name="Shared CPU interrupts/resets" v="1">
        <group name="CPU interrupts/resets">
          <boolgroup name="NMI interrupt" v="Enabled">
            <Interrupt v="INT_NMI" />
          </boolgroup>
          <boolgroup name="Hard Fault" v="Disabled" />
          <boolgroup name="Bus Fault" v="Disabled" />
          <boolgroup name="Usage Fault" v="Disabled" />
          <boolgroup name="Supervisor Call" v="Disabled" />
          <boolgroup name="Pendable Service" v="Disabled" />
          <boolgroup name="MCG" v="Disabled" />
        </group>
      </list>
      <group name="Low power mode settings">
        <list name="Shared Low Power Settings" v="1">
          <group name="Allowed power modes">
            <Very_low_power_modes v="Not allowed" />
            <Low_leakage_stop_mode v="Not allowed" />
            <Very_low_leakage_stop_mode v="Not allowed" />
          </group>
        </list>
        <list name="Shared LLWU settings" v="1">
          <boolgroup name="LLWU settings" v="Disabled" />
        </list>
        <list name="Shared Low Power Settings" v="1">
          <group name="Operation mode settings">
            <group name="WAIT operation mode">
              <Return_to_wait_after_ISR v="no" />
            </group>
            <group name="SLEEP operation mode">
              <Low_Power_mode v="STOP" />
              <Return_to_stop_after_ISR v="no" />
            </group>
            <boolgroup name="STOP operation mode" v="Disabled" />
          </group>
        </list>
      </group>
      <list name="Clock configurations" v="1">
        <group name="Clock configuration 0">
          <boolgroup name="Very low power mode" v="Disabled" />
          <enumgroup name="Clock source setting" v="configuration 0">
            <MCG_mode v="PEE" />
            <MCG_output__MHz_ v="96" />
            <MCGIRCLK_clock__MHz_ v="0.032768" />
            <OSCERCLK_clock__MHz_ v="8" />
            <ERCLK32K__clock__MHz_ v="0.001" />
            <MCGFFCLK__kHz_ v="31.25" />
          </enumgroup>
          <group name="System clocks">
            <Core_clock_prescaler v="Auto select" />
            <Core_clock v="48" />
            <Bus_clock_prescaler v="Auto select" />
            <Bus_clock v="24" />
            <enumgroup name="PLL/FLL clock selection" v="Auto select">
              <Clock_frequency__MHz_ v="48" />
            </enumgroup>
            <enumgroup name="TPM clock selection" v="Auto select">
              <Clock_frequency__MHz_ v="48" />
            </enumgroup>
          </group>
        </group>
      </list>
    </Properties>
    <Methods>
      <list name="CPUCond" v="1">
        <SetClockConfiguration v="don&amp;apos;t generate code" />
        <GetClockConfiguration v="don&amp;apos;t generate code" />
        <SetOperationMode v="don&amp;apos;t generate code" />
        <EnableInt v="don&amp;apos;t generate code" />
        <DisableInt v="don&amp;apos;t generate code" />
        <GetLLSWakeUpFlags v="don&amp;apos;t generate code" />
        <OpenBackDoor v="don&amp;apos;t generate code" />
        <MCGAutoTrim v="don&amp;apos;t generate code" />
        <VLPModeEnable v="don&amp;apos;t generate code" />
        <VLPModeDisable v="don&amp;apos;t generate code" />
        <SystemReset v="don&amp;apos;t generate code" />
      </list>
    </Methods>
    <Events>
      <Event_module_name v="Events" />
      <list name="EvntsShrdGrp" v="1">
        <event name="OnReset" v="don&amp;apos;t generate code" />
        <event name="OnNMIINT" v="generate code">
          <Event_procedure_name v="Cpu_OnNMIINT" />
        </event>
        <event name="OnHardFault" v="don&amp;apos;t generate code" />
        <event name="OnBusFault" v="don&amp;apos;t generate code" />
        <event name="OnUsageFault" v="don&amp;apos;t generate code" />
        <event name="OnSupervisorCall" v="don&amp;apos;t generate code" />
        <event name="OnPendableService" v="don&amp;apos;t generate code" />
        <event name="OnLossOfLockINT" v="don&amp;apos;t generate code" />
        <event name="OnLowVoltageINT" v="don&amp;apos;t generate code" />
        <event name="OnLLSWakeUpINT" v="don&amp;apos;t generate code" />
      </list>
    </Events>
    <Compiler v="GNU C Compiler" />
    <CompilerProperties>
      <Compiler v="GNU C Compiler" />
      <enumgroup name="Unhandled vectors" v="One handler for all">
        <Unhandled_int_code>
          <StrgList><![CDATA[/* This code can be changed using the CPU component property "Build Options / Unhandled int code" */
PE_DEBUGHALT();
]]></StrgList>
        </Unhandled_int_code>
      </enumgroup>
      <group name="User initialization">
        <User_data_declarations>
          <StrgList></StrgList>
        </User_data_declarations>
        <User_code_before_PE_initialization>
          <StrgList></StrgList>
        </User_code_before_PE_initialization>
        <User_code_after_PE_initialization>
          <StrgList></StrgList>
        </User_code_after_PE_initialization>
      </group>
      <boolgroup name="Generate debugger files" v="no" />
      <group name="Startup">
        <Add_startup_file v="yes" />
      </group>
      <boolgroup name="Generate linker file" v="yes">
        <Stack_size v="1024" />
        <Heap_size v="0" />
        <Set_memory_segments_to_default v="Click to set default &amp;gt;" />
        <Default_memory_for_interrupts v="INTERNAL FLASH" />
        <Default_memory_for_code v="INTERNAL FLASH" />
        <Default_memory_for_data v="INTERNAL RAM" />
        <list name="ROM/RAM Areas" v="4">
          <group name="MemoryArea0">
            <boolgroup name="ROM/RAM Area" v="Enabled">
              <Name v="m_interrupts" />
              <Qualifier v="RX" />
              <Address v="0" />
              <Size v="192" />
            </boolgroup>
          </group>
          <group name="MemoryArea1">
            <boolgroup name="ROM/RAM Area" v="Disabled" />
          </group>
          <group name="MemoryArea2">
            <boolgroup name="ROM/RAM Area" v="Enabled">
              <Name v="m_text" />
              <Qualifier v="RX" />
              <Address v="1040" />
              <Size v="130032" />
            </boolgroup>
          </group>
          <group name="MemoryArea3">
            <boolgroup name="ROM/RAM Area" v="Enabled">
              <Name v="m_data" />
              <Qualifier v="RW" />
              <Address v="536866816" />
              <Size v="16384" />
            </boolgroup>
          </group>
        </list>
      </boolgroup>
    </CompilerProperties>
  </CPU_Bean>
  <Bean name="LEDR" type="LED">
    <Enabled v="Y" />
    <Properties>
      <Component_name v="LEDR" />
      <Turned_On_with_initialization v="no" />
      <group name="HW Interface">
        <Anode_on_port_side__HIGH_is_ON v="no" />
        <boolgroup name="On/Off" v="Enabled">
          <inhrbean type="BitIO">
            <Enabled v="Y" />
            <Template v="LEDpin" />
            <Properties>
              <Component_name v="LEDpin1" />
              <Pin_for_I_O v="TSI0_CH11/PTB18/TPM2_CH0" />
              <inhrbean type="BitIO_LDD">
                <Enabled v="Y" />
                <Template v="BitIO_LDD" />
                <Properties>
                  <Component_name v="BitIoLdd1" />
                  <Pin_for_I_O v="TSI0_CH11/PTB18/TPM2_CH0" />
                  <Direction v="Output" />
                  <group name="Initialization">
                    <Init__direction v="Output" />
                    <Init__value v="0" />
                    <Auto_initialization v="yes" />
                  </group>
                  <Safe_mode v="yes" />
                </Properties>
                <Methods>
                  <Init v="generate code" />
                  <Deinit v="don&amp;apos;t generate code" />
                  <GetDir v="don&amp;apos;t generate code" />
                  <SetDir v="don&amp;apos;t generate code" />
                  <SetInput v="don&amp;apos;t generate code" />
                  <SetOutput v="don&amp;apos;t generate code" />
                  <GetVal v="generate code" />
                  <PutVal v="don&amp;apos;t generate code" />
                  <ClrVal v="generate code" />
                  <SetVal v="generate code" />
                  <NegVal v="generate code" />
                  <ConnectPin v="don&amp;apos;t generate code" />
                  <GetRawVal v="don&amp;apos;t generate code" />
                </Methods>
                <Events>
                  <EmptySection_DummyValue />
                </Events>
              </inhrbean>
              <Direction v="Output" />
              <group name="Initialization">
                <Init__direction v="Output" />
                <Init__value v="0" />
              </group>
              <Safe_mode v="yes" />
              <Optimization_for v="speed" />
            </Properties>
            <Methods>
              <GetDir v="don&amp;apos;t generate code" />
              <SetDir v="don&amp;apos;t generate code" />
              <SetInput v="don&amp;apos;t generate code" />
              <SetOutput v="don&amp;apos;t generate code" />
              <GetVal v="generate code" />
              <PutVal v="don&amp;apos;t generate code" />
              <ClrVal v="generate code" />
              <SetVal v="generate code" />
              <NegVal v="generate code" />
              <ConnectPin v="don&amp;apos;t generate code" />
              <GetRawVal v="don&amp;apos;t generate code" />
            </Methods>
            <Events>
              <EmptySection_DummyValue />
            </Events>
          </inhrbean>
        </boolgroup>
        <boolgroup name="PWM" v="Disabled" />
      </group>
      <boolgroup name="Shell" v="Disabled" />
    </Properties>
    <Methods>
      <Init v="generate code" />
      <Deinit v="generate code" />
      <On v="generate code" />
      <Off v="generate code" />
      <Neg v="generate code" />
      <Get v="generate code" />
      <Put v="generate code" />
      <SetRatio16 v="generate code" />
      <ParseCommand v="don&amp;apos;t generate code" />
    </Methods>
    <Events>
      <EmptySection_DummyValue />
    </Events>
  </Bean>
  <Bean name="LEDG" type="LED">
    <Enabled v="Y" />
    <Properties>
      <Component_name v="LEDG" />
      <Turned_On_with_initialization v="no" />
      <group name="HW Interface">
        <Anode_on_port_side__HIGH_is_ON v="no" />
        <boolgroup name="On/Off" v="Enabled">
          <inhrbean type="BitIO">
            <Enabled v="Y" />
            <Template v="LEDpin" />
            <Properties>
              <Component_name v="LEDpin2" />
              <Pin_for_I_O v="TSI0_CH12/PTB19/TPM2_CH1" />
              <inhrbean type="BitIO_LDD">
                <Enabled v="Y" />
                <Template v="BitIO_LDD" />
                <Properties>
                  <Component_name v="BitIoLdd2" />
                  <Pin_for_I_O v="TSI0_CH12/PTB19/TPM2_CH1" />
                  <Direction v="Output" />
                  <group name="Initialization">
                    <Init__direction v="Output" />
                    <Init__value v="0" />
                    <Auto_initialization v="yes" />
                  </group>
                  <Safe_mode v="yes" />
                </Properties>
                <Methods>
                  <Init v="generate code" />
                  <Deinit v="don&amp;apos;t generate code" />
                  <GetDir v="don&amp;apos;t generate code" />
                  <SetDir v="don&amp;apos;t generate code" />
                  <SetInput v="don&amp;apos;t generate code" />
                  <SetOutput v="don&amp;apos;t generate code" />
                  <GetVal v="generate code" />
                  <PutVal v="don&amp;apos;t generate code" />
                  <ClrVal v="generate code" />
                  <SetVal v="generate code" />
                  <NegVal v="generate code" />
                  <ConnectPin v="don&amp;apos;t generate code" />
                  <GetRawVal v="don&amp;apos;t generate code" />
                </Methods>
                <Events>
                  <EmptySection_DummyValue />
                </Events>
              </inhrbean>
              <Direction v="Output" />
              <group name="Initialization">
                <Init__direction v="Output" />
                <Init__value v="0" />
              </group>
              <Safe_mode v="yes" />
              <Optimization_for v="speed" />
            </Properties>
            <Methods>
              <GetDir v="don&amp;apos;t generate code" />
              <SetDir v="don&amp;apos;t generate code" />
              <SetInput v="don&amp;apos;t generate code" />
              <SetOutput v="don&amp;apos;t generate code" />
              <GetVal v="generate code" />
              <PutVal v="don&amp;apos;t generate code" />
              <ClrVal v="generate code" />
              <SetVal v="generate code" />
              <NegVal v="generate code" />
              <ConnectPin v="don&amp;apos;t generate code" />
              <GetRawVal v="don&amp;apos;t generate code" />
            </Methods>
            <Events>
              <EmptySection_DummyValue />
            </Events>
          </inhrbean>
        </boolgroup>
        <boolgroup name="PWM" v="Disabled" />
      </group>
      <boolgroup name="Shell" v="Disabled" />
    </Properties>
    <Methods>
      <Init v="generate code" />
      <Deinit v="generate code" />
      <On v="generate code" />
      <Off v="generate code" />
      <Neg v="generate code" />
      <Get v="generate code" />
      <Put v="generate code" />
      <SetRatio16 v="generate code" />
      <ParseCommand v="don&amp;apos;t generate code" />
    </Methods>
    <Events>
      <EmptySection_DummyValue />
    </Events>
  </Bean>
  <Bean name="LEDB" type="LED">
    <Enabled v="N" />
    <Properties>
      <Component_name v="LEDB" />
      <Turned_On_with_initialization v="no" />
      <group name="HW Interface">
        <Anode_on_port_side__HIGH_is_ON v="no" />
        <boolgroup name="On/Off" v="Enabled">
          <inhrbean type="BitIO">
            <Enabled v="N" />
            <Template v="LEDpin" />
            <Properties>
              <Component_name v="LEDpin3" />
              <Pin_for_I_O v="ADC0_SE5b/PTD1/SPI0_SCK/TPM0_CH1" />
              <Pull_resistor sel_value="no pull resistor">
                
autoselected pull

                <EmptySection_DummyValue />
              </Pull_resistor>
              <Open_drain v="push-pull" />
              <Direction v="Output" />
              <group name="Initialization">
                <Init__direction v="Output" />
                <Init__value v="0" />
              </group>
              <Safe_mode v="yes" />
              <Optimization_for v="speed" />
            </Properties>
            <Methods>
              <GetDir v="don&amp;apos;t generate code" />
              <SetDir v="don&amp;apos;t generate code" />
              <SetInput v="don&amp;apos;t generate code" />
              <SetOutput v="don&amp;apos;t generate code" />
              <GetVal v="generate code" />
              <PutVal v="don&amp;apos;t generate code" />
              <ClrVal v="generate code" />
              <SetVal v="generate code" />
              <NegVal v="generate code" />
              <ConnectPin v="don&amp;apos;t generate code" />
              <GetRawVal v="don&amp;apos;t generate code" />
            </Methods>
            <Events>
              <EmptySection_DummyValue />
            </Events>
          </inhrbean>
        </boolgroup>
        <boolgroup name="PWM" v="Disabled" />
      </group>
      <boolgroup name="Shell" v="Disabled" />
    </Properties>
    <Methods>
      <Init v="generate code" />
      <Deinit v="generate code" />
      <On v="generate code" />
      <Off v="generate code" />
      <Neg v="generate code" />
      <Get v="generate code" />
      <Put v="generate code" />
      <SetRatio16 v="generate code" />
      <ParseCommand v="don&amp;apos;t generate code" />
    </Methods>
    <Events>
      <EmptySection_DummyValue />
    </Events>
  </Bean>
  <Bean name="WAIT1" type="Wait">
    <Enabled v="Y" />
    <Properties>
      <Component_name v="WAIT1" />
      <boolgroup name="Manual Clock Values" v="Disabled" />
      <Delay100usFunction v="Delay100US" />
      <boolgroup name="RTOS" v="Disabled" />
      <boolgroup name="Watchdog" v="Disabled" />
    </Properties>
    <Methods>
      <Wait10Cycles v="generate code" />
      <Wait100Cycles v="generate code" />
      <WaitCycles v="generate code" />
      <WaitLongCycles v="generate code" />
      <Waitms v="generate code" />
      <Waitus v="generate code" />
      <Waitns v="generate code" />
      <WaitOSms v="generate code" />
    </Methods>
    <Events>
      <EmptySection_DummyValue />
    </Events>
  </Bean>
  <Bean name="UTIL1" type="Utility">
    <Enabled v="Y" />
    <Properties>
      <Component_name v="UTIL1" />
    </Properties>
    <Methods>
      <strcpy v="generate code" />
      <strcat v="generate code" />
      <chcat v="generate code" />
      <Num8sToStr v="generate code" />
      <Num8uToStr v="generate code" />
      <Num16sToStr v="generate code" />
      <Num16uToStr v="generate code" />
      <Num32uToStr v="generate code" />
      <Num32sToStr v="generate code" />
      <Num16sToStrFormatted v="generate code" />
      <Num16uToStrFormatted v="generate code" />
      <Num32uToStrFormatted v="generate code" />
      <Num32sToStrFormatted v="generate code" />
      <strcatNum8u v="generate code" />
      <strcatNum8s v="generate code" />
      <strcatNum16u v="generate code" />
      <strcatNum16s v="generate code" />
      <strcatNum32u v="generate code" />
      <strcatNum32s v="generate code" />
      <strcatNum16uFormatted v="generate code" />
      <strcatNum16sFormatted v="generate code" />
      <strcatNum32uFormatted v="generate code" />
      <strcatNum32sFormatted v="generate code" />
      <strcatNum8Hex v="generate code" />
      <strcatNum16Hex v="generate code" />
      <strcatNum24Hex v="generate code" />
      <strcatNum32Hex v="generate code" />
      <strcatNum32sDotValue100 v="generate code" />
      <IsLeapYear v="generate code" />
      <WeekDay v="generate code" />
      <ReadEscapedName v="generate code" />
      <xatoi v="generate code" />
      <ScanDate v="generate code" />
      <ScanTime v="generate code" />
      <ScanDecimal8uNumber v="generate code" />
      <ScanDecimal8sNumber v="generate code" />
      <ScanDecimal16uNumber v="generate code" />
      <ScanDecimal16sNumber v="generate code" />
      <ScanDecimal32uNumber v="generate code" />
      <ScanDecimal32sNumber v="generate code" />
      <ScanHex8uNumber v="generate code" />
      <ScanHex8uNumberNoPrefix v="generate code" />
      <ScanHex16uNumber v="generate code" />
      <ScanHex32uNumber v="generate code" />
      <ScanSeparatedNumbers v="generate code" />
      <strcmp v="generate code" />
      <strncmp v="generate code" />
      <strFind v="generate code" />
      <strtailcmp v="generate code" />
      <strlen v="generate code" />
      <strCutTail v="generate code" />
    </Methods>
    <Events>
      <EmptySection_DummyValue />
    </Events>
  </Bean>
  <Bean name="CS1" type="CriticalSection">
    <Enabled v="Y" />
    <Properties>
      <Component_name v="CS1" />
      <Use_Processor_Expert_Default v="no" />
      <Use_FreeRTOS v="no" />
    </Properties>
    <Methods>
      <CriticalVariable v="generate code" />
      <EnterCritical v="generate code" />
      <ExitCritical v="generate code" />
    </Methods>
    <Events>
      <EmptySection_DummyValue />
    </Events>
  </Bean>
  <Bean name="AS1" type="AsynchroSerial">
    <Enabled v="Y" />
    <Properties>
      <Component_name v="AS1" />
      <Channel v="UART0" />
      <boolgroup name="Interrupt service/event" v="Enabled">
        <Interrupt_RxD v="INT_UART0" />
        <Interrupt_RxD_priority v="medium priority" />
        <Interrupt_TxD v="INT_UART0" />
        <Interrupt_TxD_priority v="medium priority" />
        <Interrupt_Error v="INT_UART0" />
        <Interrupt_Error_priority v="medium priority" />
        <Input_buffer_size v="64" />
        <Output_buffer_size v="64" />
        <group name="Handshake">
          <boolgroup name="CTS" v="Disabled" />
          <boolgroup name="RTS" v="Disabled" />
        </group>
      </boolgroup>
      <group name="Settings">
        <Parity v="none" />
        <Width v="8 bits" />
        <Stop_bit v="1" />
        <boolgroup name="Receiver" v="Enabled">
          <RxD v="TSI0_CH2/PTA1/UART0_RX/TPM2_CH0" />
        </boolgroup>
        <boolgroup name="Transmitter" v="Enabled">
          <TxD v="TSI0_CH3/PTA2/UART0_TX/TPM2_CH1" />
        </boolgroup>
        <Baud_rate v="38400 baud" />
        <Break_signal v="Disabled" />
        <Wakeup_condition v="Idle line wakeup" />
        <Transmitter_output v="Not inverted" />
        <Receiver_input v="Not inverted" />
        <Stop_in_wait_mode v="no" />
        <Idle_line_mode v="starts after start bit" />
        <Break_generation_length v="Short" />
      </group>
      <group name="Initialization">
        <Enabled_in_init__code v="yes" />
        <Events_enabled_in_init_ v="yes" />
      </group>
      <group name="CPU clock/speed selection">
        <High_speed_mode v="This component enabled" />
        <Low_speed_mode v="This component disabled" />
        <Slow_speed_mode v="This component disabled" />
      </group>
      <group name="Referenced components">
        <inhrbean type="Serial_LDD">
          <Enabled v="Y" />
          <Properties>
            <Component_name v="ASerialLdd1" />
            <Device v="UART0" />
            <boolgroup name="Interrupt service/event" v="Enabled">
              <Interrupt_RxD v="INT_UART0" />
              <Interrupt_RxD_priority v="medium priority" />
              <Interrupt_TxD v="INT_UART0" />
              <Interrupt_TxD_priority v="medium priority" />
              <Interrupt_Error v="INT_UART0" />
              <Interrupt_Error_priority v="medium priority" />
            </boolgroup>
            <group name="Settings">
              <Data_width v="8 bits" />
              <Parity v="None" />
              <Stop_bits v="1" />
              <Loop_mode v="Normal" />
              <Baud_rate v="38400 baud" />
              <Wakeup_condition v="Idle line wakeup" />
              <Stop_in_wait_mode v="no" />
              <Idle_line_mode v="Starts after start bit" />
              <Transmitter_output v="Not inverted" />
              <Receiver_input v="Not inverted" />
              <Break_generation_length v="10/11 bits" />
              <boolgroup name="Receiver" v="Enabled">
                <RxD v="TSI0_CH2/PTA1/UART0_RX/TPM2_CH0" />
              </boolgroup>
              <boolgroup name="Transmitter" v="Enabled">
                <TxD v="TSI0_CH3/PTA2/UART0_TX/TPM2_CH1" />
              </boolgroup>
              <enumgroup name="Flow control" v="None">
                <EmptySection_DummyValue />
              </enumgroup>
            </group>
            <group name="Initialization">
              <Enabled_in_init__code v="yes" />
              <list name="Auto Initialization" v="1">
                <Auto_initialization v="no" />
              </list>
              <group name="Event mask">
                <OnBlockSent v="Enabled" />
                <OnBlockReceived v="Enabled" />
                <OnTxComplete v="Disabled" />
                <OnError v="Enabled" />
                <OnBreak v="Enabled" />
              </group>
            </group>
            <list name="CPU clock/configuration selection (included)" v="1">
              <group name="CPU clock/configuration selection">
                <Clock_configuration_0 v="This component enabled" />
                <Clock_configuration_1 v="This component disabled" />
                <Clock_configuration_2 v="This component disabled" />
                <Clock_configuration_3 v="This component disabled" />
                <Clock_configuration_4 v="This component disabled" />
                <Clock_configuration_5 v="This component disabled" />
                <Clock_configuration_6 v="This component disabled" />
                <Clock_configuration_7 v="This component disabled" />
              </group>
            </list>
          </Properties>
          <Methods>
            <Init v="generate code" />
            <Deinit v="don&amp;apos;t generate code" />
            <Enable v="don&amp;apos;t generate code" />
            <Disable v="don&amp;apos;t generate code" />
            <SendBlock v="generate code" />
            <ReceiveBlock v="generate code" />
            <CancelBlockTransmission v="don&amp;apos;t generate code" />
            <CancelBlockReception v="don&amp;apos;t generate code" />
            <GetError v="generate code" />
            <GetSentDataNum v="don&amp;apos;t generate code" />
            <GetReceivedDataNum v="don&amp;apos;t generate code" />
            <GetTxCompleteStatus v="don&amp;apos;t generate code" />
            <SetEventMask v="don&amp;apos;t generate code" />
            <GetEventMask v="don&amp;apos;t generate code" />
            <SelectBaudRate v="don&amp;apos;t generate code" />
            <GetSelectedBaudRate v="don&amp;apos;t generate code" />
            <SetParity v="don&amp;apos;t generate code" />
            <GetParity v="don&amp;apos;t generate code" />
            <SetDataWidth v="don&amp;apos;t generate code" />
            <GetDataWidth v="don&amp;apos;t generate code" />
            <SetStopBitLength v="don&amp;apos;t generate code" />
            <GetStopBitLength v="don&amp;apos;t generate code" />
            <SetLoopMode v="don&amp;apos;t generate code" />
            <GetLoopMode v="don&amp;apos;t generate code" />
            <GetStats v="don&amp;apos;t generate code" />
            <ClearStats v="don&amp;apos;t generate code" />
            <SendBreak v="don&amp;apos;t generate code" />
            <GetBreak v="don&amp;apos;t generate code" />
            <TurnTxOn v="don&amp;apos;t generate code" />
            <TurnTxOff v="don&amp;apos;t generate code" />
            <TurnRxOn v="don&amp;apos;t generate code" />
            <TurnRxOff v="don&amp;apos;t generate code" />
            <ConnectPin v="don&amp;apos;t generate code" />
            <Main v="don&amp;apos;t generate code" />
            <SetOperationMode v="don&amp;apos;t generate code" />
            <GetDriverState v="don&amp;apos;t generate code" />
          </Methods>
          <Events>
            <Event_module_name v="Events" />
            <event name="OnBlockReceived" v="generate code">
              <Event_procedure_name v="ASerialLdd1_OnBlockReceived" />
            </event>
            <event name="OnBlockSent" v="generate code">
              <Event_procedure_name v="ASerialLdd1_OnBlockSent" />
            </event>
            <event name="OnBreak" v="generate code">
              <Event_procedure_name v="ASerialLdd1_OnBreak" />
            </event>
            <event name="OnError" v="generate code">
              <Event_procedure_name v="ASerialLdd1_OnError" />
            </event>
            <event name="OnTxComplete" v="don&amp;apos;t generate code" />
          </Events>
        </inhrbean>
      </group>
    </Properties>
    <Methods>
      <Enable v="don&amp;apos;t generate code" />
      <Disable v="don&amp;apos;t generate code" />
      <EnableEvent v="don&amp;apos;t generate code" />
      <DisableEvent v="don&amp;apos;t generate code" />
      <RecvChar v="generate code" />
      <SendChar v="generate code" />
      <RecvBlock v="generate code" />
      <SendBlock v="generate code" />
      <ClearRxBuf v="generate code" />
      <ClearTxBuf v="generate code" />
      <CharsInRxBuf v="don&amp;apos;t generate code" />
      <GetCharsInRxBuf v="generate code" />
      <CharsInTxBuf v="don&amp;apos;t generate code" />
      <GetCharsInTxBuf v="generate code" />
      <SetBaudRateMode v="don&amp;apos;t generate code" />
      <GetError v="don&amp;apos;t generate code" />
      <GetBreak v="don&amp;apos;t generate code" />
      <SetBreak v="don&amp;apos;t generate code" />
      <TurnTxOn v="don&amp;apos;t generate code" />
      <TurnTxOff v="don&amp;apos;t generate code" />
      <TurnRxOn v="don&amp;apos;t generate code" />
      <TurnRxOff v="don&amp;apos;t generate code" />
      <LoopMode v="don&amp;apos;t generate code" />
      <ConnectPin v="don&amp;apos;t generate code" />
    </Methods>
    <Events>
      <Event_module_name v="Events" />
      <event name="BeforeNewSpeed" v="don&amp;apos;t generate code" />
      <event name="AfterNewSpeed" v="don&amp;apos;t generate code" />
      <event name="OnError" v="don&amp;apos;t generate code" />
      <event name="OnRxChar" v="don&amp;apos;t generate code" />
      <event name="OnRxCharExt" v="don&amp;apos;t generate code" />
      <event name="OnTxChar" v="don&amp;apos;t generate code" />
      <event name="OnFullRxBuf" v="don&amp;apos;t generate code" />
      <event name="OnFreeTxBuf" v="don&amp;apos;t generate code" />
      <event name="OnBreak" v="don&amp;apos;t generate code" />
      <event name="OnTxComplete" v="don&amp;apos;t generate code" />
    </Events>
  </Bean>
  <Bean name="CLS1" type="Shell">
    <Enabled v="Y" />
    <Properties>
      <Component_name v="CLS1" />
      <Echo v="no" />
      <Prompt v="&amp;quot;CMD&amp;gt; &amp;quot;" />
      <Project_Name v="FRDM-KL25Z Adafruit GPS Shield" />
      <Silent_Mode_Prefix v="#" />
      <boolgroup name="Blocking Send" v="Enabled">
        <Wait v="WAIT1" />
        <Wait_Time__ms_ v="10" />
        <RTOS_Wait v="no" />
      </boolgroup>
      <Status_Colon_Pos v="13" />
      <Help_Semicolon_Pos v="26" />
      <boolgroup name="Multi Command" v="Disabled" />
      <Utility v="UTIL1" />
      <boolgroup name="Default Serial" v="Enabled">
        <Console_Interface v="AS1" />
      </boolgroup>
      <Serial_Semaphore v="no" />
      <Critical_Section v="CS1" />
    </Properties>
    <Methods>
      <PrintPrompt v="generate code" />
      <SendNum8u v="generate code" />
      <SendNum8s v="generate code" />
      <SendNum16u v="generate code" />
      <SendNum16s v="generate code" />
      <SendNum32u v="generate code" />
      <SendNum32s v="generate code" />
      <SendStr v="generate code" />
      <SendData v="generate code" />
      <PrintStatus v="generate code" />
      <ParseCommand v="generate code" />
      <ReadLine v="generate code" />
      <PrintCommandFailed v="generate code" />
      <IterateTable v="generate code" />
      <SetStdio v="generate code" />
      <GetStdio v="generate code" />
      <RequestSerial v="generate code" />
      <ReleaseSerial v="generate code" />
      <ReadAndParseWithCommandTable v="generate code" />
      <ParseWithCommandTable v="generate code" />
      <GetSemaphore v="generate code" />
      <SendStatusStr v="generate code" />
      <SendHelpStr v="generate code" />
      <ReadChar v="generate code" />
      <SendChar v="generate code" />
      <KeyPressed v="generate code" />
      <Init v="generate code" />
      <Deinit v="generate code" />
    </Methods>
    <Events>
      <EmptySection_DummyValue />
    </Events>
  </Bean>
  <Bean name="FRTOS1" type="FreeRTOS">
    <Enabled v="Y" />
    <Properties>
      <Component_name v="FRTOS1" />
      <RTOS_Version v="V8.0.0" />
      <group name="Custom Port">
        <Compiler v="automatic" />
        <boolgroup name="Static Sources" v="Disabled" />
        <boolgroup name="Custom portBASE_TYPE" v="Disabled" />
      </group>
      <Classic_CodeWarrior v="no" />
      <Disabled_Interrupts_in_Startup v="yes" />
      <Application_Task_Tags v="no" />
      <Use_Trace_Facility v="yes" />
      <boolgroup name="Trace Hooks" v="Disabled" />
      <boolgroup name="Collect Runtime Statistics" v="Disabled" />
      <group name="Scheduler">
        <boolgroup name="ColdFire V1" v="Disabled" />
        <boolgroup name="ColdFire V2" v="Disabled" />
        <boolgroup name="Kinetis" v="Enabled">
          <ARM_Family v="Cortex M0+" />
          <Floating_Point_Support v="no" />
          <Max_SysCall_Interrupt_Priority v="1" />
          <RTOS_Interrupt_Priority v="3" />
          <Lowest_Interrupt_Priority v="3" />
          <Compiler_Optimization_Level v="0" />
          <boolgroup name="SysTick" v="Enabled">
            <Core_Clock v="yes" />
          </boolgroup>
          <boolgroup name="Low Power Timer" v="Disabled" />
        </boolgroup>
        <boolgroup name="non-LDD SWI" v="Disabled" />
        <Preemptive v="yes" />
        <Use_Co_Routines v="no" />
        <Idle_should_yield v="yes" />
        <Task_Name_Length v="12" />
        <Minimal_Stack_Size v="300" />
        <Maximum_Priorities v="6" />
        <Maximum_Coroutine_Priorities v="2" />
        <Stackoverflow_checking_method v="Method 1" />
        <Cleanup_Resources v="yes" />
      </group>
      <group name="Ticks">
        <boolgroup name="Tickless Idle Mode" v="Disabled" />
        <Tick_Rate__Hz_ v="100" />
        <Use_16bit_ticks v="no" />
        <boolgroup name="non-LDD Tick" v="Disabled" />
        <boolgroup name="LDD Tick" v="Disabled" />
      </group>
      <group name="Queues">
        <Queue_Registry_Size v="0" />
        <Queue_Sets v="no" />
      </group>
      <group name="Semaphores and Mutexes">
        <Use_Mutexes v="yes" />
        <Use_Recursive_Mutexes v="yes" />
      </group>
      <boolgroup name="Timers" v="Disabled" />
      <group name="Memory">
        <Memory_Allocation_Scheme v="Scheme 2" />
        <boolgroup name="User Heap Section" v="Disabled" />
        <Total_Heap_Size v="12000" />
      </group>
      <boolgroup name="Shell" v="Enabled">
        <Shell v="CLS1" />
      </boolgroup>
      <Utility v="UTIL1" />
    </Properties>
    <Methods>
      <xTaskCreate v="generate code" />
      <vTaskDelete v="don&amp;apos;t generate code" />
      <vTaskStartScheduler v="generate code" />
      <vTaskEndScheduler v="don&amp;apos;t generate code" />
      <vTaskSuspend v="generate code" />
      <vTaskSuspendAll v="generate code" />
      <vTaskResume v="generate code" />
      <xTaskResumeAll v="generate code" />
      <xTaskResumeFromISR v="generate code" />
      <vTaskStepTick v="don&amp;apos;t generate code" />
      <taskYIELD v="generate code" />
      <taskENTER_CRITICAL v="generate code" />
      <taskEXIT_CRITICAL v="generate code" />
      <taskDISABLE_INTERRUPTS v="generate code" />
      <taskENABLE_INTERRUPTS v="generate code" />
      <vTaskDelay v="generate code" />
      <vTaskDelayUntil v="generate code" />
      <uxTaskPriorityGet v="generate code" />
      <vTaskPrioritySet v="generate code" />
      <xTaskGetTickCount v="generate code" />
      <xTaskGetTickCountFromISR v="generate code" />
      <xSemaphoreCreateRecursiveMutex v="generate code" />
      <xSemaphoreTakeRecursive v="generate code" />
      <xSemaphoreGiveRecursive v="generate code" />
      <xSemaphoreCreateMutex v="generate code" />
      <xSemaphoreTake v="generate code" />
      <xSemaphoreGive v="generate code" />
      <vSemaphoreCreateBinary v="generate code" />
      <xSemaphoreCreateCounting v="generate code" />
      <xSemaphoreGiveFromISR v="generate code" />
      <xSemaphoreTakeFromISR v="generate code" />
      <vSemaphoreDelete v="generate code" />
      <xSemaphoreGetMutexHolder v="generate code" />
      <pvPortMalloc v="generate code" />
      <vPortFree v="generate code" />
      <xPortGetFreeHeapSize v="generate code" />
      <vTaskSetApplicationTaskTag v="don&amp;apos;t generate code" />
      <xTaskGetApplicationTaskTag v="don&amp;apos;t generate code" />
      <xTaskCallApplicationTaskHook v="don&amp;apos;t generate code" />
      <xTaskGetCurrentTaskHandle v="don&amp;apos;t generate code" />
      <xTaskGetIdleTaskHandle v="don&amp;apos;t generate code" />
      <pcTaskGetTaskName v="don&amp;apos;t generate code" />
      <eTaskGetState v="don&amp;apos;t generate code" />
      <xTaskGetSchedulerState v="generate code" />
      <vTaskList v="generate code" />
      <uxTaskGetStackHighWaterMark v="generate code" />
      <uxTaskGetNumberOfTasks v="generate code" />
      <vTaskGetRunTimeStats v="don&amp;apos;t generate code" />
      <uxQueueMessagesWaiting v="generate code" />
      <uxQueueMessagesWaitingfromISR v="generate code" />
      <xQueueCreate v="generate code" />
      <vQueueDelete v="generate code" />
      <xQueueReset v="generate code" />
      <xQueueSendToBack v="generate code" />
      <xQueueSendToFront v="generate code" />
      <xQueueReceive v="generate code" />
      <xQueueOverwrite v="generate code" />
      <xQueueOverwriteFromISR v="generate code" />
      <xQueuePeek v="generate code" />
      <xQueuePeekFromISR v="generate code" />
      <xQueueSendToBackFromISR v="generate code" />
      <xQueueSendToFrontFromISR v="generate code" />
      <xQueueReceiveFromISR v="generate code" />
      <vQueueAddToRegistry v="generate code" />
      <vQueueUnregisterQueue v="generate code" />
      <xQueueIsQueueFullFromISR v="generate code" />
      <xQueueIsQueueEmptyFromISR v="generate code" />
      <xQueueCreateSet v="don&amp;apos;t generate code" />
      <xQueueAddToSet v="don&amp;apos;t generate code" />
      <xQueueRemoveFromSet v="don&amp;apos;t generate code" />
      <xQueueSelectFromSet v="don&amp;apos;t generate code" />
      <xQueueSelectFromSetFromISR v="don&amp;apos;t generate code" />
      <xEventGroupCreate v="generate code" />
      <xEventGroupWaitBits v="generate code" />
      <xEventGroupSetBits v="generate code" />
      <xEventGroupSetBitsFromISR v="generate code" />
      <xEventGroupClearBits v="generate code" />
      <xEventGroupClearBitsFromISR v="generate code" />
      <xEventGroupGetBits v="generate code" />
      <xEventGroupGetBitsFromISR v="generate code" />
      <xEventGroupSync v="generate code" />
      <ParseCommand v="generate code" />
      <Init v="generate code" />
    </Methods>
    <Events>
      <Event_module_name v="Events" />
      <event name="vApplicationStackOverflowHook" v="generate code">
        <Event_procedure_name v="FRTOS1_vApplicationStackOverflowHook" />
      </event>
      <event name="vApplicationTickHook" v="generate code">
        <Event_procedure_name v="FRTOS1_vApplicationTickHook" />
      </event>
      <event name="vApplicationIdleHook" v="don&amp;apos;t generate code" />
      <event name="vApplicationMallocFailedHook" v="generate code">
        <Event_procedure_name v="FRTOS1_vApplicationMallocFailedHook" />
      </event>
      <event name="vOnPreSleepProcessing" v="don&amp;apos;t generate code" />
      <event name="vOnPostSleepProcessing" v="don&amp;apos;t generate code" />
    </Events>
  </Bean>
  <Bean name="TmDt1" type="GenericTimeDate">
    <Enabled v="Y" />
    <Properties>
      <Component_name v="TmDt1" />
      <Critical_Section v="CS1" />
      <Tick_Time__ms_ v="10" />
      <boolgroup name="RTOS" v="Enabled">
        <RTOS v="FRTOS1" />
      </boolgroup>
      <boolgroup name="Shell" v="Enabled">
        <Utility v="UTIL1" />
        <Shell v="CLS1" />
      </boolgroup>
      <boolgroup name="Initialization" v="Enabled">
        <Init_in_startup v="yes" />
        <Date v="2013-01-01" />
        <Time v="05:51:31 pm" />
      </boolgroup>
    </Properties>
    <Methods>
      <AddTick v="generate code" />
      <SetTime v="generate code" />
      <GetTime v="generate code" />
      <SetDate v="generate code" />
      <GetDate v="generate code" />
      <ParseCommand v="generate code" />
      <Init v="generate code" />
      <DeInit v="generate code" />
    </Methods>
    <Events>
      <Event_module_name v="Events" />
      <event name="OnTimeSet" v="don&amp;apos;t generate code" />
      <event name="OnDateSet" v="don&amp;apos;t generate code" />
    </Events>
  </Bean>
  <Bean name="TMOUT1" type="Timeout">
    <Enabled v="Y" />
    <Template v="Timeout" />
    <Properties>
      <Component_name v="TMOUT1" />
      <Critical_Section v="CS1" />
      <Maximum_counters v="2" />
      <Counter_tick_period__ms_ v="10" />
      <boolgroup name="RTOS" v="Enabled">
        <RTOS v="FRTOS1" />
      </boolgroup>
    </Properties>
    <Methods>
      <GetCounter v="generate code" />
      <LeaveCounter v="generate code" />
      <Value v="generate code" />
      <SetCounter v="generate code" />
      <CounterExpired v="generate code" />
      <AddTick v="generate code" />
      <Init v="generate code" />
    </Methods>
    <Events>
      <EmptySection_DummyValue />
    </Events>
  </Bean>
  <Bean name="SM1" type="SPIMaster_LDD">
    <Enabled v="Y" />
    <Properties>
      <Component_name v="SM1" />
      <Device v="SPI0" />
      <boolgroup name="Interrupt service/event" v="Enabled">
        <Input_interrupt v="INT_SPI0" />
        <Input_interrupt_priority v="medium priority" />
        <Output_interrupt v="INT_SPI0" />
        <Output_interrupt_priority v="medium priority" />
      </boolgroup>
      <group name="Settings">
        <boolgroup name="Input pin" v="Enabled">
          <Pin v="PTD3/SPI0_MISO/UART2_TX/TPM0_CH3/SPI0_MOSI" />
        </boolgroup>
        <boolgroup name="Output pin" v="Enabled">
          <Pin v="PTD2/SPI0_MOSI/UART2_RX/TPM0_CH2/SPI0_MISO" />
        </boolgroup>
        <group name="Clock pin">
          <Pin v="ADC0_SE5b/PTD1/SPI0_SCK/TPM0_CH1" />
        </group>
        <list name="Chip select list" v="0">
          <EmptySection_DummyValue />
        </list>
        <list name="Attribute set list" v="2">
          <group name="Attribute set 0">
            <Width v="8 bits" />
            <MSB_first v="yes" />
            <Clock_polarity v="Low" />
            <Clock_phase v="Capture on leading edge" />
            <Parity v="None" />
            <Chip_select_toggling v="yes" />
            <Clock_rate_index v="0" />
          </group>
          <group name="Attribute set 1">
            <Width v="8 bits" />
            <MSB_first v="yes" />
            <Clock_polarity v="Low" />
            <Clock_phase v="Capture on leading edge" />
            <Parity v="None" />
            <Chip_select_toggling v="yes" />
            <Clock_rate_index v="1" />
          </group>
        </list>
        <Clock_rate init="375 kHz" runtime_settings="list" mode_1="12 MHz" />
        <HW_input_buffer_size v="1" />
        <HW_input_watermark v="1" />
        <boolgroup name="Receiver DMA" v="Disabled" />
        <HW_output_buffer_size v="1" />
        <HW_output_watermark v="1" />
        <boolgroup name="Transmitter DMA" v="Disabled" />
      </group>
      <group name="Initialization">
        <Initial_chip_select v="0" />
        <Initial_attribute_set v="0" />
        <Enabled_in_init__code v="yes" />
        <list name="Auto Initialization" v="1">
          <Auto_initialization v="yes" />
        </list>
        <group name="Event mask">
          <OnBlockSent v="Disabled" />
          <OnBlockReceived v="Enabled" />
          <OnError v="Disabled" />
        </group>
      </group>
      <list name="CPU clock/configuration selection (included)" v="1">
        <group name="CPU clock/configuration selection">
          <Clock_configuration_0 v="This component enabled" />
          <Clock_configuration_1 v="This component disabled" />
          <Clock_configuration_2 v="This component disabled" />
          <Clock_configuration_3 v="This component disabled" />
          <Clock_configuration_4 v="This component disabled" />
          <Clock_configuration_5 v="This component disabled" />
          <Clock_configuration_6 v="This component disabled" />
          <Clock_configuration_7 v="This component disabled" />
        </group>
      </list>
    </Properties>
    <Methods>
      <Init v="generate code" />
      <Deinit v="generate code" />
      <Enable v="don&amp;apos;t generate code" />
      <Disable v="don&amp;apos;t generate code" />
      <SetEventMask v="don&amp;apos;t generate code" />
      <GetEventMask v="don&amp;apos;t generate code" />
      <SendBlock v="generate code" />
      <ReceiveBlock v="generate code" />
      <GetSentDataNum v="generate code" />
      <GetReceivedDataNum v="generate code" />
      <GetBlockSentStatus v="don&amp;apos;t generate code" />
      <GetBlockReceivedStatus v="don&amp;apos;t generate code" />
      <CancelBlockTransmission v="don&amp;apos;t generate code" />
      <CancelBlockReception v="don&amp;apos;t generate code" />
      <GetError v="don&amp;apos;t generate code" />
      <SelectConfiguration v="generate code" />
      <Main v="don&amp;apos;t generate code" />
      <ForceReceiver v="don&amp;apos;t generate code" />
      <GetStats v="don&amp;apos;t generate code" />
      <ClearStats v="don&amp;apos;t generate code" />
      <SetOperationMode v="don&amp;apos;t generate code" />
      <GetDriverState v="don&amp;apos;t generate code" />
      <ConnectPin v="don&amp;apos;t generate code" />
    </Methods>
    <Events>
      <Event_module_name v="Events" />
      <event name="OnBlockSent" v="don&amp;apos;t generate code" />
      <event name="OnBlockReceived" v="generate code">
        <Event_procedure_name v="SM1_OnBlockReceived" />
      </event>
      <event name="OnError" v="don&amp;apos;t generate code" />
    </Events>
  </Bean>
  <Bean name="FAT1" type="FAT_FileSystem">
    <Enabled v="Y" />
    <Properties>
      <Component_name v="FAT1" />
      <FatFs_Version v="R0.08a" />
      <Tiny v="no" />
      <Volumes v="1" />
      <FS_MINIMIZE v="0" />
      <Maximum_Sector_Size v="512" />
      <Relative_Path v="Enabled with f_getcwd()" />
      <Code_Page v="U.S. (OEM)" />
      <File_Sharing v="0" />
      <Multipartion v="no" />
      <Fast_Seek v="yes" />
      <Use_Erase v="no" />
      <String_Functions v="enable" />
      <group name="LFN">
        <Use_LFN v="Disable" />
        <Max_LFN_Length v="255" />
        <LFN_Unicode v="no" />
      </group>
      <boolgroup name="Write enabled" v="Enabled">
        <boolgroup name="Use TimeDate" v="Enabled">
          <Realtime_clock v="TmDt1" />
        </boolgroup>
      </boolgroup>
      <boolgroup name="Reentrant" v="Disabled" />
      <Memory v="SD1" />
      <boolgroup name="Shell" v="Enabled">
        <Shell v="CLS1" />
        <Utility v="UTIL1" />
        <File_print_buffer_size v="32" />
        <File_copy_buffer_size v="32" />
      </boolgroup>
    </Properties>
    <Methods>
      <open v="generate code" />
      <close v="generate code" />
      <read v="generate code" />
      <write v="generate code" />
      <opendir v="generate code" />
      <readdir v="generate code" />
      <lseek v="generate code" />
      <unlink v="generate code" />
      <mount v="generate code" />
      <getfree v="generate code" />
      <sync v="generate code" />
      <rename v="generate code" />
      <isWriteProtected v="generate code" />
      <isDiskPresent v="generate code" />
      <mkdir v="generate code" />
      <chmod v="generate code" />
      <truncate v="generate code" />
      <stat v="generate code" />
      <utime v="generate code" />
      <mkfs v="generate code" />
      <forward v="don&amp;apos;t generate code" />
      <chdir v="generate code" />
      <chdrive v="generate code" />
      <getcwd v="generate code" />
      <errFResultMsg v="generate code" />
      <errDResultMsg v="generate code" />
      <f_gets v="generate code" />
      <f_puts v="generate code" />
      <f_putc v="generate code" />
      <f_printf v="generate code" />
      <f_eof v="generate code" />
      <f_error v="generate code" />
      <f_tell v="generate code" />
      <f_size v="generate code" />
      <Init v="generate code" />
      <Deinit v="generate code" />
      <get_fattime v="generate code" />
      <ParseCommand v="generate code" />
      <CheckCardPresence v="generate code" />
      <MountFileSystem v="generate code" />
      <UnMountFileSystem v="generate code" />
      <PrintDirectory v="generate code" />
      <CopyFile v="generate code" />
      <DeleteFile v="generate code" />
      <PrintFile v="generate code" />
      <MakeDirectory v="generate code" />
      <ChangeDirectory v="generate code" />
      <RenameFile v="generate code" />
      <PrintSector v="generate code" />
      <PrintDiskInfo v="generate code" />
      <Benchmark v="generate code" />
    </Methods>
    <Events>
      <Event_module_name v="Events" />
      <event name="OnIdle" v="don&amp;apos;t generate code" />
      <event name="OnSchedule" v="don&amp;apos;t generate code" />
      <event name="OnCreateSyncObject" v="don&amp;apos;t generate code" />
    </Events>
  </Bean>
  <Bean name="SD1" type="SD_Card">
    <Enabled v="Y" />
    <Properties>
      <Component_name v="SD1" />
      <Block_size v="512" />
      <Cmd_wait_counter v="10" />
      <Wait_Ready_Timeout__ms_ v="500" />
      <Wait_Cmd_Timeout__ms_ v="100" />
      <Receive_Block_Timeout__ms_ v="500" />
      <SPI_Block_Transfer v="yes" />
      <group name="Hardware">
        <boolgroup name="SW SPI" v="Disabled" />
        <boolgroup name="HW SPI" v="Enabled">
          <Slow_Baud_Rate_Mode v="0" />
          <Fast_Baud_Rate_Mode v="1" />
          <boolgroup name="LDD HW SPI" v="Enabled">
            <LDD_HW_SPI v="SM1" />
          </boolgroup>
          <boolgroup name="non-LDD HW SPI" v="Disabled" />
        </boolgroup>
        <boolgroup name="SPI Read/Write Macros" v="Disabled" />
        <Activate_SPI_bus v="no" />
        <boolgroup name="Slave Select" v="Enabled">
          <boolgroup name="LDD SS" v="Enabled">
            <inhrbean type="BitIO_LDD">
              <Enabled v="Y" />
              <Template v="LDDSS" />
              <Properties>
                <Component_name v="SS1" />
                <Pin_for_I_O v="PTD0/SPI0_PCS0/TPM0_CH0" />
                <Direction v="Output" />
                <group name="Initialization">
                  <Init__direction v="Output" />
                  <Init__value v="0" />
                  <Auto_initialization v="yes" />
                </group>
                <Safe_mode v="no" />
              </Properties>
              <Methods>
                <Init v="generate code" />
                <Deinit v="generate code" />
                <GetDir v="don&amp;apos;t generate code" />
                <SetDir v="don&amp;apos;t generate code" />
                <SetInput v="don&amp;apos;t generate code" />
                <SetOutput v="don&amp;apos;t generate code" />
                <GetVal v="generate code" />
                <PutVal v="generate code" />
                <ClrVal v="generate code" />
                <SetVal v="generate code" />
                <NegVal v="don&amp;apos;t generate code" />
                <ConnectPin v="don&amp;apos;t generate code" />
                <GetRawVal v="don&amp;apos;t generate code" />
              </Methods>
              <Events>
                <EmptySection_DummyValue />
              </Events>
            </inhrbean>
          </boolgroup>
          <boolgroup name="non-LDD SS" v="Disabled" />
        </boolgroup>
        <boolgroup name="Activate" v="Disabled" />
        <boolgroup name="Card detection" v="Enabled">
          <Card_Detect_is_LOW_active v="no" />
          <boolgroup name="LDD CD" v="Enabled">
            <inhrbean type="BitIO_LDD">
              <Enabled v="Y" />
              <Template v="LDDCDI" />
              <Properties>
                <Component_name v="CD1" />
                <Pin_for_I_O v="ADC0_SE6b/PTD5/SPI1_SCK/UART2_TX/TPM0_CH5" />
                <Direction v="Input" />
                <group name="Initialization">
                  <Init__direction v="Input" />
                  <Init__value v="0" />
                  <Auto_initialization v="yes" />
                </group>
                <Safe_mode v="no" />
              </Properties>
              <Methods>
                <Init v="generate code" />
                <Deinit v="generate code" />
                <GetDir v="don&amp;apos;t generate code" />
                <SetDir v="don&amp;apos;t generate code" />
                <SetInput v="don&amp;apos;t generate code" />
                <SetOutput v="don&amp;apos;t generate code" />
                <GetVal v="generate code" />
                <PutVal v="don&amp;apos;t generate code" />
                <ClrVal v="don&amp;apos;t generate code" />
                <SetVal v="don&amp;apos;t generate code" />
                <NegVal v="don&amp;apos;t generate code" />
                <ConnectPin v="don&amp;apos;t generate code" />
                <GetRawVal v="don&amp;apos;t generate code" />
              </Methods>
              <Events>
                <EmptySection_DummyValue />
              </Events>
            </inhrbean>
          </boolgroup>
          <boolgroup name="non-LDD CD" v="Disabled" />
        </boolgroup>
        <Report__Card_present__if_no_Card_detection_pin v="yes" />
        <boolgroup name="Write protection" v="Disabled" />
      </group>
      <group name="System">
        <Wait v="WAIT1" />
        <Timeout v="TMOUT1" />
        <boolgroup name="RTOS" v="Disabled" />
      </group>
    </Properties>
    <Methods>
      <Init v="generate code" />
      <Deinit v="generate code" />
      <Activate v="generate code" />
      <Deactivate v="generate code" />
      <isWriteProtected v="generate code" />
      <CardPresent v="generate code" />
      <WaitReady v="generate code" />
      <ReceiveDataBlock v="generate code" />
      <SendDataBlock v="generate code" />
      <SendCmd v="generate code" />
      <SetFastMode v="generate code" />
      <InitCommChannel v="generate code" />
    </Methods>
    <Events>
      <Event_module_name v="Events" />
      <event name="OnIdle" v="don&amp;apos;t generate code" />
      <event name="OnError" v="don&amp;apos;t generate code" />
      <event name="OnActivate" v="don&amp;apos;t generate code" />
      <event name="OnDeactivate" v="don&amp;apos;t generate code" />
      <event name="OnBlockReceived" v="don&amp;apos;t generate code" />
    </Events>
  </Bean>
  <Bean name="GPIO_D" type="Init_GPIO">
    <Enabled v="Y" />
    <Properties>
      <Component_name v="GPIO_D" />
      <Device v="PTD" />
      <group name="Settings">
        <boolgroup name="Pin 0" v="Do not initialize" />
        <boolgroup name="Pin 1" v="Do not initialize" />
        <boolgroup name="Pin 2" v="Do not initialize" />
        <boolgroup name="Pin 3" v="Do not initialize" />
        <boolgroup name="Pin 4" v="Do not initialize" />
        <boolgroup name="Pin 5" v="Initialize">
          <Pin_direction v="No initialization" />
          <Output_value v="No initialization" />
          <Pull_resistor v="Enabled" />
          <Interrupt_DMA_request v="No initialization" />
        </boolgroup>
        <boolgroup name="Pin 6" v="Do not initialize" />
        <boolgroup name="Pin 7" v="Do not initialize" />
      </group>
      <group name="Pin selection/routing">
        <boolgroup name="Pin 0" v="Disabled" />
        <boolgroup name="Pin 1" v="Disabled" />
        <boolgroup name="Pin 2" v="Disabled" />
        <boolgroup name="Pin 3" v="Disabled" />
        <boolgroup name="Pin 4" v="Disabled" />
        <boolgroup name="Pin 5" v="Enabled">
          <Pin v="ADC0_SE6b/PTD5/SPI1_SCK/UART2_TX/TPM0_CH5" />
        </boolgroup>
        <boolgroup name="Pin 6" v="Disabled" />
        <boolgroup name="Pin 7" v="Disabled" />
      </group>
      <group name="Interrupts">
        <boolgroup name="Port interrupt" v="Disabled" />
      </group>
      <group name="Initialization">
        <Call_Init_method v="yes" />
      </group>
    </Properties>
    <Methods>
      <Init v="generate code" />
    </Methods>
    <Events>
      <EmptySection_DummyValue />
    </Events>
  </Bean>
  <Bean name="MINI1" type="minIni">
    <Enabled v="Y" />
    <Properties>
      <Component_name v="MINI1" />
      <minIni_Version v="1.2B" />
      <Portable_strnicmp__ v="yes" />
      <Use_Real v="no" />
      <Read_Only v="no" />
      <No_Debug v="yes" />
      <group name="FatFS">
        <FatFS v="FAT1" />
        <Buffer_Size v="64" />
      </group>
    </Properties>
    <Methods>
      <ini_getbool v="generate code" />
      <ini_gets v="generate code" />
      <ini_puts v="generate code" />
      <ini_getl v="generate code" />
      <ini_putl v="generate code" />
      <ini_getf v="don&amp;apos;t generate code" />
      <ini_putf v="don&amp;apos;t generate code" />
      <ini_getsection v="generate code" />
      <ini_getkey v="generate code" />
    </Methods>
    <Events>
      <EmptySection_DummyValue />
    </Events>
  </Bean>
  <Bean name="GPS" type="AsynchroSerial">
    <Enabled v="Y" />
    <Properties>
      <Component_name v="GPS" />
      <Channel v="UART1" />
      <boolgroup name="Interrupt service/event" v="Enabled">
        <Interrupt_RxD v="INT_UART1" />
        <Interrupt_RxD_priority v="medium priority" />
        <Interrupt_TxD v="INT_UART1" />
        <Interrupt_TxD_priority v="medium priority" />
        <Interrupt_Error v="INT_UART1" />
        <Interrupt_Error_priority v="medium priority" />
        <Input_buffer_size v="128" />
        <Output_buffer_size v="128" />
        <group name="Handshake">
          <boolgroup name="CTS" v="Disabled" />
          <boolgroup name="RTS" v="Disabled" />
        </group>
      </boolgroup>
      <group name="Settings">
        <Parity v="none" />
        <Width v="8 bits" />
        <Stop_bit v="1" />
        <boolgroup name="Receiver" v="Enabled">
          <RxD v="PTE1/SPI1_MOSI/UART1_RX/SPI1_MISO/I2C1_SCL" />
        </boolgroup>
        <boolgroup name="Transmitter" v="Enabled">
          <TxD v="PTE0/UART1_TX/RTC_CLKOUT/CMP0_OUT/I2C1_SDA" />
        </boolgroup>
        <Baud_rate v="9600 baud" />
        <Break_signal v="Disabled" />
        <Wakeup_condition v="Idle line wakeup" />
        <Transmitter_output v="Not inverted" />
        <Receiver_input v="Not inverted" />
        <Stop_in_wait_mode v="no" />
        <Idle_line_mode v="starts after start bit" />
        <Break_generation_length v="Short" />
      </group>
      <group name="Initialization">
        <Enabled_in_init__code v="yes" />
        <Events_enabled_in_init_ v="yes" />
      </group>
      <group name="CPU clock/speed selection">
        <High_speed_mode v="This component enabled" />
        <Low_speed_mode v="This component disabled" />
        <Slow_speed_mode v="This component disabled" />
      </group>
      <group name="Referenced components">
        <inhrbean type="Serial_LDD">
          <Enabled v="Y" />
          <Properties>
            <Component_name v="ASerialLdd2" />
            <Device v="UART1" />
            <boolgroup name="Interrupt service/event" v="Enabled">
              <Interrupt_RxD v="INT_UART1" />
              <Interrupt_RxD_priority v="medium priority" />
              <Interrupt_TxD v="INT_UART1" />
              <Interrupt_TxD_priority v="medium priority" />
              <Interrupt_Error v="INT_UART1" />
              <Interrupt_Error_priority v="medium priority" />
            </boolgroup>
            <group name="Settings">
              <Data_width v="8 bits" />
              <Parity v="None" />
              <Stop_bits v="1" />
              <Loop_mode v="Normal" />
              <Baud_rate v="9600 baud" />
              <Wakeup_condition v="Idle line wakeup" />
              <Stop_in_wait_mode v="no" />
              <Idle_line_mode v="Starts after start bit" />
              <Transmitter_output v="Not inverted" />
              <Receiver_input v="Not inverted" />
              <Break_generation_length v="10/11 bits" />
              <boolgroup name="Receiver" v="Enabled">
                <RxD v="PTE1/SPI1_MOSI/UART1_RX/SPI1_MISO/I2C1_SCL" />
              </boolgroup>
              <boolgroup name="Transmitter" v="Enabled">
                <TxD v="PTE0/UART1_TX/RTC_CLKOUT/CMP0_OUT/I2C1_SDA" />
              </boolgroup>
              <enumgroup name="Flow control" v="None">
                <EmptySection_DummyValue />
              </enumgroup>
            </group>
            <group name="Initialization">
              <Enabled_in_init__code v="yes" />
              <list name="Auto Initialization" v="1">
                <Auto_initialization v="no" />
              </list>
              <group name="Event mask">
                <OnBlockSent v="Enabled" />
                <OnBlockReceived v="Enabled" />
                <OnTxComplete v="Disabled" />
                <OnError v="Enabled" />
                <OnBreak v="Enabled" />
              </group>
            </group>
            <list name="CPU clock/configuration selection (included)" v="1">
              <group name="CPU clock/configuration selection">
                <Clock_configuration_0 v="This component enabled" />
                <Clock_configuration_1 v="This component disabled" />
                <Clock_configuration_2 v="This component disabled" />
                <Clock_configuration_3 v="This component disabled" />
                <Clock_configuration_4 v="This component disabled" />
                <Clock_configuration_5 v="This component disabled" />
                <Clock_configuration_6 v="This component disabled" />
                <Clock_configuration_7 v="This component disabled" />
              </group>
            </list>
          </Properties>
          <Methods>
            <Init v="generate code" />
            <Deinit v="don&amp;apos;t generate code" />
            <Enable v="don&amp;apos;t generate code" />
            <Disable v="don&amp;apos;t generate code" />
            <SendBlock v="generate code" />
            <ReceiveBlock v="generate code" />
            <CancelBlockTransmission v="don&amp;apos;t generate code" />
            <CancelBlockReception v="don&amp;apos;t generate code" />
            <GetError v="generate code" />
            <GetSentDataNum v="don&amp;apos;t generate code" />
            <GetReceivedDataNum v="don&amp;apos;t generate code" />
            <GetTxCompleteStatus v="don&amp;apos;t generate code" />
            <SetEventMask v="don&amp;apos;t generate code" />
            <GetEventMask v="don&amp;apos;t generate code" />
            <SelectBaudRate v="don&amp;apos;t generate code" />
            <GetSelectedBaudRate v="don&amp;apos;t generate code" />
            <SetParity v="don&amp;apos;t generate code" />
            <GetParity v="don&amp;apos;t generate code" />
            <SetDataWidth v="don&amp;apos;t generate code" />
            <GetDataWidth v="don&amp;apos;t generate code" />
            <SetStopBitLength v="don&amp;apos;t generate code" />
            <GetStopBitLength v="don&amp;apos;t generate code" />
            <SetLoopMode v="don&amp;apos;t generate code" />
            <GetLoopMode v="don&amp;apos;t generate code" />
            <GetStats v="don&amp;apos;t generate code" />
            <ClearStats v="don&amp;apos;t generate code" />
            <SendBreak v="don&amp;apos;t generate code" />
            <GetBreak v="don&amp;apos;t generate code" />
            <TurnTxOn v="don&amp;apos;t generate code" />
            <TurnTxOff v="don&amp;apos;t generate code" />
            <TurnRxOn v="don&amp;apos;t generate code" />
            <TurnRxOff v="don&amp;apos;t generate code" />
            <ConnectPin v="don&amp;apos;t generate code" />
            <Main v="don&amp;apos;t generate code" />
            <SetOperationMode v="don&amp;apos;t generate code" />
            <GetDriverState v="don&amp;apos;t generate code" />
          </Methods>
          <Events>
            <Event_module_name v="Events" />
            <event name="OnBlockReceived" v="generate code">
              <Event_procedure_name v="ASerialLdd2_OnBlockReceived" />
            </event>
            <event name="OnBlockSent" v="generate code">
              <Event_procedure_name v="ASerialLdd2_OnBlockSent" />
            </event>
            <event name="OnBreak" v="generate code">
              <Event_procedure_name v="ASerialLdd2_OnBreak" />
            </event>
            <event name="OnError" v="generate code">
              <Event_procedure_name v="ASerialLdd2_OnError" />
            </event>
            <event name="OnTxComplete" v="don&amp;apos;t generate code" />
          </Events>
        </inhrbean>
      </group>
    </Properties>
    <Methods>
      <Enable v="don&amp;apos;t generate code" />
      <Disable v="don&amp;apos;t generate code" />
      <EnableEvent v="don&amp;apos;t generate code" />
      <DisableEvent v="don&amp;apos;t generate code" />
      <RecvChar v="generate code" />
      <SendChar v="generate code" />
      <RecvBlock v="generate code" />
      <SendBlock v="generate code" />
      <ClearRxBuf v="generate code" />
      <ClearTxBuf v="generate code" />
      <CharsInRxBuf v="don&amp;apos;t generate code" />
      <GetCharsInRxBuf v="generate code" />
      <CharsInTxBuf v="don&amp;apos;t generate code" />
      <GetCharsInTxBuf v="generate code" />
      <SetBaudRateMode v="don&amp;apos;t generate code" />
      <GetError v="don&amp;apos;t generate code" />
      <GetBreak v="don&amp;apos;t generate code" />
      <SetBreak v="don&amp;apos;t generate code" />
      <TurnTxOn v="don&amp;apos;t generate code" />
      <TurnTxOff v="don&amp;apos;t generate code" />
      <TurnRxOn v="don&amp;apos;t generate code" />
      <TurnRxOff v="don&amp;apos;t generate code" />
      <LoopMode v="don&amp;apos;t generate code" />
      <ConnectPin v="don&amp;apos;t generate code" />
    </Methods>
    <Events>
      <Event_module_name v="Events" />
      <event name="BeforeNewSpeed" v="don&amp;apos;t generate code" />
      <event name="AfterNewSpeed" v="don&amp;apos;t generate code" />
      <event name="OnError" v="generate code">
        <Event_procedure_name v="GPS_OnError" />
        <Priority v="same as interrupt" />
      </event>
      <event name="OnRxChar" v="generate code">
        <Event_procedure_name v="GPS_OnRxChar" />
        <Priority v="same as interrupt" />
      </event>
      <event name="OnRxCharExt" v="don&amp;apos;t generate code" />
      <event name="OnTxChar" v="generate code">
        <Event_procedure_name v="GPS_OnTxChar" />
        <Priority v="same as interrupt" />
      </event>
      <event name="OnFullRxBuf" v="generate code">
        <Event_procedure_name v="GPS_OnFullRxBuf" />
        <Priority v="same as interrupt" />
      </event>
      <event name="OnFreeTxBuf" v="generate code">
        <Event_procedure_name v="GPS_OnFreeTxBuf" />
        <Priority v="same as interrupt" />
      </event>
      <event name="OnBreak" v="don&amp;apos;t generate code" />
      <event name="OnTxComplete" v="don&amp;apos;t generate code" />
    </Events>
  </Bean>
  <Bean name="PPS" type="BitIO">
    <Enabled v="Y" />
    <Properties>
      <Component_name v="PPS" />
      <Pin_for_I_O v="PTA13/TPM1_CH1" />
      <inhrbean type="BitIO_LDD">
        <Enabled v="Y" />
        <Template v="BitIO_LDD" />
        <Properties>
          <Component_name v="BitIoLdd5" />
          <Pin_for_I_O v="PTA13/TPM1_CH1" />
          <Direction v="Input" />
          <group name="Initialization">
            <Init__direction v="Input" />
            <Init__value v="0" />
            <Auto_initialization v="yes" />
          </group>
          <Safe_mode v="no" />
        </Properties>
        <Methods>
          <Init v="generate code" />
          <Deinit v="don&amp;apos;t generate code" />
          <GetDir v="don&amp;apos;t generate code" />
          <SetDir v="don&amp;apos;t generate code" />
          <SetInput v="don&amp;apos;t generate code" />
          <SetOutput v="don&amp;apos;t generate code" />
          <GetVal v="generate code" />
          <PutVal v="don&amp;apos;t generate code" />
          <ClrVal v="don&amp;apos;t generate code" />
          <SetVal v="don&amp;apos;t generate code" />
          <NegVal v="don&amp;apos;t generate code" />
          <ConnectPin v="don&amp;apos;t generate code" />
          <GetRawVal v="don&amp;apos;t generate code" />
        </Methods>
        <Events>
          <EmptySection_DummyValue />
        </Events>
      </inhrbean>
      <Direction v="Input" />
      <group name="Initialization">
        <Init__direction v="Input" />
        <Init__value v="0" />
      </group>
      <Safe_mode v="no" />
      <Optimization_for v="speed" />
    </Properties>
    <Methods>
      <GetDir v="don&amp;apos;t generate code" />
      <SetDir v="don&amp;apos;t generate code" />
      <SetInput v="don&amp;apos;t generate code" />
      <SetOutput v="don&amp;apos;t generate code" />
      <GetVal v="generate code" />
      <PutVal v="don&amp;apos;t generate code" />
      <ClrVal v="don&amp;apos;t generate code" />
      <SetVal v="don&amp;apos;t generate code" />
      <NegVal v="don&amp;apos;t generate code" />
      <ConnectPin v="don&amp;apos;t generate code" />
      <GetRawVal v="don&amp;apos;t generate code" />
    </Methods>
    <Events>
      <EmptySection_DummyValue />
    </Events>
  </Bean>
</PE_PROJECT_SETTINGS_DOCUMENTATION>

