<?xml version="1.0" encoding="UTF-8"?>
<PE_PROJECT_SETTINGS_DOCUMENTATION>
  <PE_product_version v="version 5.3 for Freescale Microcontrollers" />
  <PE_core_version v="Processor Expert Version 0501" />
  <CPU_Bean name="Cpu" type="MCF51JM128_80">
    <Enabled v="Y" />
    <Properties>
      <Component_name v="Cpu" />
      <CPU_type v="MCF51JM128VLK" />
      <list name="Shared Internal properties" v="1">
        <EmptySection_DummyValue />
      </list>
      <list name="Shared Clock settings" v="1">
        <group name="Clock settings">
          <group name="Internal clock">
            <Internal_oscillator_frequency__kHz_ v="31.250000000000" />
            <Internal_ref__clock_for_peripherals v="Enabled" />
            <boolgroup name="Initialize trim value" v="yes">
              <Trim_value_address v="1023" />
              <Fine_trim_value_address v="1022" />
            </boolgroup>
          </group>
          <boolgroup name="External clock" v="Disabled" />
          <group name="Low-power modes settings">
            <boolgroup name="STOP instruction enabled" v="no" />
            <boolgroup name="Force exit on interrupt" v="Enabled">
              <Wakeup_interrupt_level v="0" />
            </boolgroup>
          </group>
        </group>
      </list>
      <list name="Shared Internal resource mapping" v="1">
        <group name="Internal resource mapping">
          <group name="Exception vector table">
            <Fetch_vectors_from_RAM v="no" />
            <Address v="0" />
            <Size v="1020" />
          </group>
        </group>
      </list>
      <Initialization_priority v="minimal priority" />
      <group name="Internal peripherals">
        <list name="Shared ADC settings" v="1">
          <group name="ADC">
            <Internal_bandgap_buffer v="Disabled" />
          </group>
        </list>
        <list name="Shared BDM settings" v="1">
          <group name="BDM pin support">
            <BDM_pin v="BKGD_MS" />
            <BDM_pin_signal v="" />
          </group>
        </list>
        <list name="Shared Bus clock output settings" v="1">
          <boolgroup name="Bus clock output" v="Disabled" />
        </list>
        <list name="SharedCPUConfigGrp" v="1">
          <group name="CPU configuration">
            <Interrupt_mask v="Disabled" />
            <Interrupt_acknowledge__IACK_ v="Disabled" />
            <Buffered_peripheral_bus_write v="Enabled" />
            <Flash_speculation v="Enabled" />
          </group>
        </list>
        <list name="Shared FLASH settings" v="1">
          <group name="FLASH">
            <enumgroup name="Security state" v="Disabled">
              <EmptySection_DummyValue />
            </enumgroup>
            <enumgroup name="Protection" v="Disabled">
              <EmptySection_DummyValue />
            </enumgroup>
          </group>
        </list>
        <list name="Included IO settings" v="1">
          <group name="I/O module">
            <list name="Shared Unused I/O" v="1">
              <enumgroup name="Initialize unused I/O pins" v="no initialization">
                <EmptySection_DummyValue />
              </enumgroup>
            </list>
            <group name="PORT A">
              <Slew_rate_control_for_PTA0 v="no" />
              <Slew_rate_control_for_PTA1 v="no" />
              <Slew_rate_control_for_PTA2 v="no" />
              <Slew_rate_control_for_PTA3 v="no" />
              <Slew_rate_control_for_PTA4 v="no" />
              <Slew_rate_control_for_PTA5 v="no" />
              <Slew_rate_control_for_PTA6 v="no" />
              <Slew_rate_control_for_PTA7 v="no" />
              <Drive_strength_for_PTA0 v="High" />
              <Drive_strength_for_PTA1 v="High" />
              <Drive_strength_for_PTA2 v="High" />
              <Drive_strength_for_PTA3 v="High" />
              <Drive_strength_for_PTA4 v="High" />
              <Drive_strength_for_PTA5 v="High" />
              <Drive_strength_for_PTA6 v="High" />
              <Drive_strength_for_PTA7 v="High" />
              <Input_filter_for_PTA0 v="Disabled" />
              <Input_filter_for_PTA1 v="Disabled" />
              <Input_filter_for_PTA2 v="Disabled" />
              <Input_filter_for_PTA3 v="Disabled" />
              <Input_filter_for_PTA4 v="Disabled" />
              <Input_filter_for_PTA5 v="Disabled" />
              <Input_filter_for_PTA6 v="Disabled" />
              <Input_filter_for_PTA7 v="Disabled" />
            </group>
            <group name="PORT B">
              <Slew_rate_control_for_PTB0 v="no" />
              <Slew_rate_control_for_PTB1 v="no" />
              <Slew_rate_control_for_PTB2 v="no" />
              <Slew_rate_control_for_PTB3 v="no" />
              <Slew_rate_control_for_PTB4 v="no" />
              <Slew_rate_control_for_PTB5 v="no" />
              <Slew_rate_control_for_PTB6 v="no" />
              <Slew_rate_control_for_PTB7 v="no" />
              <Drive_strength_for_PTB0 v="High" />
              <Drive_strength_for_PTB1 v="High" />
              <Drive_strength_for_PTB2 v="High" />
              <Drive_strength_for_PTB3 v="High" />
              <Drive_strength_for_PTB4 v="High" />
              <Drive_strength_for_PTB5 v="High" />
              <Drive_strength_for_PTB6 v="High" />
              <Drive_strength_for_PTB7 v="High" />
              <Input_filter_for_PTB0 v="Disabled" />
              <Input_filter_for_PTB1 v="Disabled" />
              <Input_filter_for_PTB2 v="Disabled" />
              <Input_filter_for_PTB3 v="Disabled" />
              <Input_filter_for_PTB4 v="Disabled" />
              <Input_filter_for_PTB5 v="Disabled" />
              <Input_filter_for_PTB6 v="Disabled" />
              <Input_filter_for_PTB7 v="Disabled" />
            </group>
            <group name="PORT C">
              <Slew_rate_control_for_PTC0 v="no" />
              <Slew_rate_control_for_PTC1 v="no" />
              <Slew_rate_control_for_PTC2 v="no" />
              <Slew_rate_control_for_PTC3 v="no" />
              <Slew_rate_control_for_PTC4 v="no" />
              <Slew_rate_control_for_PTC5 v="no" />
              <Slew_rate_control_for_PTC6 v="no" />
              <Slew_rate_control_for_PTC7 v="no" />
              <Drive_strength_for_PTC0 v="High" />
              <Drive_strength_for_PTC1 v="High" />
              <Drive_strength_for_PTC2 v="High" />
              <Drive_strength_for_PTC3 v="High" />
              <Drive_strength_for_PTC4 v="High" />
              <Drive_strength_for_PTC5 v="High" />
              <Drive_strength_for_PTC6 v="High" />
              <Drive_strength_for_PTC7 v="High" />
              <Input_filter_for_PTC0 v="Disabled" />
              <Input_filter_for_PTC1 v="Disabled" />
              <Input_filter_for_PTC2 v="Disabled" />
              <Input_filter_for_PTC3 v="Disabled" />
              <Input_filter_for_PTC4 v="Disabled" />
              <Input_filter_for_PTC5 v="Disabled" />
              <Input_filter_for_PTC6 v="Disabled" />
              <Input_filter_for_PTC7 v="Disabled" />
            </group>
            <group name="PORT D">
              <Slew_rate_control_for_PTD0 v="no" />
              <Slew_rate_control_for_PTD1 v="no" />
              <Slew_rate_control_for_PTD2 v="no" />
              <Slew_rate_control_for_PTD3 v="no" />
              <Slew_rate_control_for_PTD4 v="no" />
              <Slew_rate_control_for_PTD5 v="no" />
              <Slew_rate_control_for_PTD6 v="no" />
              <Slew_rate_control_for_PTD7 v="no" />
              <Drive_strength_for_PTD0 v="High" />
              <Drive_strength_for_PTD1 v="High" />
              <Drive_strength_for_PTD2 v="High" />
              <Drive_strength_for_PTD3 v="High" />
              <Drive_strength_for_PTD4 v="High" />
              <Drive_strength_for_PTD5 v="High" />
              <Drive_strength_for_PTD6 v="High" />
              <Drive_strength_for_PTD7 v="High" />
              <Input_filter_for_PTD0 v="Disabled" />
              <Input_filter_for_PTD1 v="Disabled" />
              <Input_filter_for_PTD2 v="Disabled" />
              <Input_filter_for_PTD3 v="Disabled" />
              <Input_filter_for_PTD4 v="Disabled" />
              <Input_filter_for_PTD5 v="Disabled" />
              <Input_filter_for_PTD6 v="Disabled" />
              <Input_filter_for_PTD7 v="Disabled" />
            </group>
            <group name="PORT E">
              <Slew_rate_control_for_PTE0 v="no" />
              <Slew_rate_control_for_PTE1 v="no" />
              <Slew_rate_control_for_PTE2 v="no" />
              <Slew_rate_control_for_PTE3 v="no" />
              <Slew_rate_control_for_PTE4 v="no" />
              <Slew_rate_control_for_PTE5 v="no" />
              <Slew_rate_control_for_PTE6 v="no" />
              <Slew_rate_control_for_PTE7 v="no" />
              <Drive_strength_for_PTE0 v="High" />
              <Drive_strength_for_PTE1 v="High" />
              <Drive_strength_for_PTE2 v="High" />
              <Drive_strength_for_PTE3 v="High" />
              <Drive_strength_for_PTE4 v="High" />
              <Drive_strength_for_PTE5 v="High" />
              <Drive_strength_for_PTE6 v="High" />
              <Drive_strength_for_PTE7 v="High" />
              <Input_filter_for_PTE0 v="Disabled" />
              <Input_filter_for_PTE1 v="Disabled" />
              <Input_filter_for_PTE2 v="Disabled" />
              <Input_filter_for_PTE3 v="Disabled" />
              <Input_filter_for_PTE4 v="Disabled" />
              <Input_filter_for_PTE5 v="Disabled" />
              <Input_filter_for_PTE6 v="Disabled" />
              <Input_filter_for_PTE7 v="Disabled" />
            </group>
            <group name="PORT F">
              <Slew_rate_control_for_PTF0 v="no" />
              <Slew_rate_control_for_PTF1 v="no" />
              <Slew_rate_control_for_PTF2 v="no" />
              <Slew_rate_control_for_PTF3 v="no" />
              <Slew_rate_control_for_PTF4 v="no" />
              <Slew_rate_control_for_PTF5 v="no" />
              <Slew_rate_control_for_PTF6 v="no" />
              <Slew_rate_control_for_PTF7 v="no" />
              <Drive_strength_for_PTF0 v="High" />
              <Drive_strength_for_PTF1 v="High" />
              <Drive_strength_for_PTF2 v="High" />
              <Drive_strength_for_PTF3 v="High" />
              <Drive_strength_for_PTF4 v="High" />
              <Drive_strength_for_PTF5 v="High" />
              <Drive_strength_for_PTF6 v="High" />
              <Drive_strength_for_PTF7 v="High" />
              <Input_filter_for_PTF0 v="Disabled" />
              <Input_filter_for_PTF1 v="Disabled" />
              <Input_filter_for_PTF2 v="Disabled" />
              <Input_filter_for_PTF3 v="Disabled" />
              <Input_filter_for_PTF4 v="Disabled" />
              <Input_filter_for_PTF5 v="Disabled" />
              <Input_filter_for_PTF6 v="Disabled" />
              <Input_filter_for_PTF7 v="Disabled" />
            </group>
            <group name="PORT G">
              <Slew_rate_control_for_PTG0 v="no" />
              <Slew_rate_control_for_PTG1 v="no" />
              <Slew_rate_control_for_PTG2 v="no" />
              <Slew_rate_control_for_PTG3 v="no" />
              <Slew_rate_control_for_PTG4 v="no" />
              <Slew_rate_control_for_PTG5 v="no" />
              <Slew_rate_control_for_PTG6 v="no" />
              <Slew_rate_control_for_PTG7 v="no" />
              <Drive_strength_for_PTG0 v="High" />
              <Drive_strength_for_PTG1 v="High" />
              <Drive_strength_for_PTG2 v="High" />
              <Drive_strength_for_PTG3 v="High" />
              <Drive_strength_for_PTG4 v="High" />
              <Drive_strength_for_PTG5 v="High" />
              <Drive_strength_for_PTG6 v="High" />
              <Drive_strength_for_PTG7 v="High" />
              <Input_filter_for_PTG0 v="Disabled" />
              <Input_filter_for_PTG1 v="Disabled" />
              <Input_filter_for_PTG2 v="Disabled" />
              <Input_filter_for_PTG3 v="Disabled" />
              <Input_filter_for_PTG4 v="Disabled" />
              <Input_filter_for_PTG5 v="Disabled" />
              <Input_filter_for_PTG6 v="Disabled" />
              <Input_filter_for_PTG7 v="Disabled" />
            </group>
            <group name="PORT H">
              <Slew_rate_control_for_PTH0 v="no" />
              <Slew_rate_control_for_PTH1 v="no" />
              <Slew_rate_control_for_PTH2 v="no" />
              <Slew_rate_control_for_PTH3 v="no" />
              <Slew_rate_control_for_PTH4 v="no" />
              <Drive_strength_for_PTH0 v="High" />
              <Drive_strength_for_PTH1 v="High" />
              <Drive_strength_for_PTH2 v="High" />
              <Drive_strength_for_PTH3 v="High" />
              <Drive_strength_for_PTH4 v="High" />
              <Input_filter_for_PTH0 v="Disabled" />
              <Input_filter_for_PTH1 v="Disabled" />
              <Input_filter_for_PTH2 v="Disabled" />
              <Input_filter_for_PTH3 v="Disabled" />
              <Input_filter_for_PTH4 v="Disabled" />
            </group>
            <group name="PORT J">
              <Slew_rate_control_for_PTJ0 v="no" />
              <Slew_rate_control_for_PTJ1 v="no" />
              <Slew_rate_control_for_PTJ2 v="no" />
              <Slew_rate_control_for_PTJ3 v="no" />
              <Slew_rate_control_for_PTJ4 v="no" />
              <Drive_strength_for_PTJ0 v="High" />
              <Drive_strength_for_PTJ1 v="High" />
              <Drive_strength_for_PTJ2 v="High" />
              <Drive_strength_for_PTJ3 v="High" />
              <Drive_strength_for_PTJ4 v="High" />
              <Input_filter_for_PTJ0 v="Disabled" />
              <Input_filter_for_PTJ1 v="Disabled" />
              <Input_filter_for_PTJ2 v="Disabled" />
              <Input_filter_for_PTJ3 v="Disabled" />
              <Input_filter_for_PTJ4 v="Disabled" />
            </group>
          </group>
        </list>
        <list name="SharedClockGatingGrp" v="1">
          <group name="System Clock Gating">
            <SCI1_Clock_Gate v="Enabled" />
            <SCI2_Clock_Gate v="Enabled" />
            <IIC1_Clock_Gate v="Enabled" />
            <IIC2_Clock_Gate v="Enabled" />
            <ADC_Clock_Gate v="Enabled" />
            <TPM1_Clock_Gate v="Enabled" />
            <TPM2_Clock_Gate v="Enabled" />
            <CMT_Clock_Gate v="Enabled" />
            <SPI1_Clock_Gate v="Enabled" />
            <SPI2_Clock_Gate v="Enabled" />
            <RTC_Clock_Gate v="Enabled" />
            <ACMP_Clock_Gate v="Enabled" />
            <KBI_Clock_Gate v="Enabled" />
            <IRQ_Clock_Gate v="Enabled" />
            <FLASH_Register_Clock_Gate v="Enabled" />
            <USB_Clock_Gate v="Enabled" />
            <RNGA_Clock_Gate v="Enabled" />
          </group>
        </list>
        <list name="Shared LVD settings" v="1">
          <boolgroup name="LVD module" v="Enabled">
            <LVD_reset v="Enabled" />
            <boolgroup name="LVW interrupt" v="Disabled" />
            <Enable_in_stop_mode v="yes" />
            <Low_voltage_detect_voltage v="Low trip point" />
            <Low_voltage_warning_voltage v="Low trip point" />
          </boolgroup>
        </list>
        <list name="Shared TMP modules setting" v="1">
          <EmptySection_DummyValue />
        </list>
        <list name="Shared Reset pin setting" v="1">
          <group name="Reset pin ">
            <Reset_pin v="RESET" />
            <Reset_pin_signal v="" />
          </group>
        </list>
      </group>
      <list name="Shared CPU interrupts/resets" v="1">
        <group name="CPU interrupts/resets">
          <group name="Instruction related exceptions">
            <Instruction_related_reset v="Enabled" />
            <boolgroup name="Illegal Instruction Exception" v="Disabled" />
            <boolgroup name="Unimplemented Line-A Opcode" v="Disabled" />
            <boolgroup name="Unimplemented Line-F Opcode" v="Disabled" />
            <boolgroup name="Privilege Violation" v="Disabled" />
          </group>
          <group name="Address related exceptions">
            <Address_related_reset v="Enabled" />
            <boolgroup name="Access Error Exception" v="Disabled" />
            <boolgroup name="Address Error Exception" v="Disabled" />
            <boolgroup name="RTE Format Error Exception" v="Disabled" />
          </group>
          <boolgroup name="Unsupported Instruction" v="Disabled" />
          <list name="Trap exceptions" v="16">
            <boolgroup name="Trap 0" v="Disabled" />
            <boolgroup name="Trap 1" v="Disabled" />
            <boolgroup name="Trap 2" v="Disabled" />
            <boolgroup name="Trap 3" v="Disabled" />
            <boolgroup name="Trap 4" v="Disabled" />
            <boolgroup name="Trap 5" v="Disabled" />
            <boolgroup name="Trap 6" v="Disabled" />
            <boolgroup name="Trap 7" v="Disabled" />
            <boolgroup name="Trap 8" v="Disabled" />
            <boolgroup name="Trap 9" v="Disabled" />
            <boolgroup name="Trap 10" v="Disabled" />
            <boolgroup name="Trap 11" v="Disabled" />
            <boolgroup name="Trap 12" v="Disabled" />
            <boolgroup name="Trap 13" v="Disabled" />
            <boolgroup name="Trap 14" v="Disabled" />
            <boolgroup name="Trap 15" v="Disabled" />
          </list>
          <list name="Software Interrupts" v="7">
            <boolgroup name="Software Interrupt Level 1" v="Disabled" />
            <boolgroup name="Software Interrupt Level 2" v="Disabled" />
            <boolgroup name="Software Interrupt Level 3" v="Disabled" />
            <boolgroup name="Software Interrupt Level 4" v="Disabled" />
            <boolgroup name="Software Interrupt Level 5" v="Disabled" />
            <boolgroup name="Software Interrupt Level 6" v="Disabled" />
            <boolgroup name="Software Interrupt Level 7" v="Disabled" />
          </list>
          <boolgroup name="Loss of lock" v="Disabled" />
        </group>
      </list>
      <list name="Shared MCG speed mode settings" v="1">
        <group name="Enabled speed modes">
          <boolgroup name="High speed mode" v="Enabled">
            <High_speed_clock v="Internal Clock" />
            <Bus_freq__divider v="Auto select" />
            <Internal_bus_clock v="4.194304000000" />
            <Fixed_frequency_clock__MHz_ v="0.016384" />
            <Clock_monitor v="Disabled" />
            <enumgroup name="FLL/PLL mode" v="FLL Engaged">
              <Loss_of_lock_interrupt v="Disabled" />
              <enumgroup name="Ref. clock source" v="Internal Clock">
                <Ref__clock_freq___MHz_ v="0.032768000000" />
              </enumgroup>
              <enumgroup name="DCO mode" v="Auto select">
                <EmptySection_DummyValue />
              </enumgroup>
              <FLL_output_clock_freq___MHz_ v="16.777216000000" />
            </enumgroup>
          </boolgroup>
          <boolgroup name="Low speed mode" v="Disabled" />
          <boolgroup name="Slow speed mode" v="Disabled" />
        </group>
      </list>
    </Properties>
    <Methods>
      <list name="SharedCpuMethods" v="1">
        <SetHighSpeed v="don&amp;apos;t generate code" />
        <SetLowSpeed v="don&amp;apos;t generate code" />
        <SetSlowSpeed v="don&amp;apos;t generate code" />
        <GetSpeedMode v="don&amp;apos;t generate code" />
        <EnableInt v="generate code" />
        <DisableInt v="generate code" />
        <SetILM v="don&amp;apos;t generate code" />
        <GetResetSource v="don&amp;apos;t generate code" />
        <SetWaitMode v="don&amp;apos;t generate code" />
        <SetStopMode v="don&amp;apos;t generate code" />
        <GetLowVoltageWarningFlag v="don&amp;apos;t generate code" />
        <ClearLowVoltageWarningFlag v="don&amp;apos;t generate code" />
        <GetPartialPowerDownFlag v="don&amp;apos;t generate code" />
        <ClearPartialPowerDownFlag v="don&amp;apos;t generate code" />
        <GetIdentification v="don&amp;apos;t generate code" />
        <SetBackdoorKey v="don&amp;apos;t generate code" />
        <Delay100US v="don&amp;apos;t generate code" />
      </list>
    </Methods>
    <Events>
      <Event_module_name v="Events" />
      <list name="ColdFireV1EvntGrp" v="1">
        <event name="OnAddrRelatedEXP" v="don&amp;apos;t generate code" />
        <event name="OnInstrRelatedEXP" v="don&amp;apos;t generate code" />
        <event name="OnTrapEXP" v="don&amp;apos;t generate code" />
        <event name="OnUnsupportedInstEXP" v="don&amp;apos;t generate code" />
        <event name="OnSwINT" v="don&amp;apos;t generate code" />
      </list>
      <list name="CommonEventsGrp" v="1">
        <event name="OnReset" v="don&amp;apos;t generate code" />
        <event name="OnLvwINT" v="don&amp;apos;t generate code" />
        <event name="OnLossOfLockINT" v="don&amp;apos;t generate code" />
      </list>
    </Events>
    <Compiler v="CodeWarrior ColdFireV1 C Compiler" />
    <CompilerProperties>
      <Compiler v="CodeWarrior ColdFireV1 C Compiler" />
      <enumgroup name="Unhandled vectors" v="One handler for all">
        <Unhandled_int_code>
          <StrgList><![CDATA[/* This code can be changed using the CPU component property "Build Options / Unhandled int code" */
/* asm (HALT) */
]]></StrgList>
        </Unhandled_int_code>
      </enumgroup>
      <Generate_macros v="yes" />
      <FLASH_registers_initialization v="Enabled" />
      <group name="User initialization">
        <User_data_declarations>
          <StrgList></StrgList>
        </User_data_declarations>
        <User_code_before_PE_initialization>
          <StrgList></StrgList>
        </User_code_before_PE_initialization>
        <User_code_after_PE_initialization>
          <StrgList></StrgList>
        </User_code_after_PE_initialization>
      </group>
      <boolgroup name="Generate LCF file" v="yes">
        <Stack_size v="1024" />
        <Heap_size v="1024" />
        <group name="Memory segments">
          <Set_default_memory_segments v="Click to set default &amp;gt;" />
          <list name="ROM/RAM segments" v="2">
            <boolgroup name="Segment0" v="Enabled">
              <Name v="code" />
              <group name="Access permissions">
                <Read v="yes" />
                <Write v="no" />
                <Execute v="yes" />
              </group>
              <Address v="1040" />
              <Size v="130032" />
            </boolgroup>
            <boolgroup name="Segment1" v="Enabled">
              <Name v="userram" />
              <group name="Access permissions">
                <Read v="yes" />
                <Write v="yes" />
                <Execute v="yes" />
              </group>
              <Address v="8388608" />
              <Size v="16384" />
            </boolgroup>
          </list>
        </group>
      </boolgroup>
    </CompilerProperties>
  </CPU_Bean>
  <Bean name="LEDM1" type="LEDmatrix">
    <Enabled v="Y" />
    <Properties>
      <Component_name v="LEDM1" />
      <Width v="16" />
      <Height v="5" />
      <Bytes_in_rows v="yes" />
      <Bytes_in_x_direction v="no" />
      <MSB_first v="no" />
      <Bits_per_pixel v="1" />
      <Window_capability v="no" />
      <Display_Memory_Write v="no" />
      <list name="Rows" v="5">
        <inhrbean type="LED">
          <Enabled v="Y" />
          <Properties>
            <Component_name v="Inhr1" />
            <LED_on_with_initialization v="no" />
            <group name="HW Interface">
              <boolgroup name="LDD" v="Disabled" />
              <boolgroup name="BitIO" v="Enabled">
                <inhrbean type="BitIO">
                  <Enabled v="Y" />
                  <Template v="LEDpin" />
                  <Properties>
                    <Component_name v="LEDpin1" />
                    <Pin_for_I_O v="PTA0_RGPIO0_USB_SESSVLD" />
                    <Pin_signal v="Row0" />
                    <Pull_resistor sel_value="no pull resistor">
                      
autoselected pull

                      <EmptySection_DummyValue />
                    </Pull_resistor>
                    <Open_drain v="push-pull" />
                    <Slew_rate_control_for_PTA0 v="no" />
                    <Drive_strength_for_PTA0 v="High" />
                    <Input_filter_for_PTA0 v="Disabled" />
                    <Direction v="Output" />
                    <group name="Initialization">
                      <Init__direction v="Output" />
                      <Init__value v="0" />
                    </group>
                    <Safe_mode v="yes" />
                    <Optimization_for v="speed" />
                  </Properties>
                  <Methods>
                    <GetDir v="don&amp;apos;t generate code" />
                    <SetDir v="don&amp;apos;t generate code" />
                    <SetInput v="don&amp;apos;t generate code" />
                    <SetOutput v="don&amp;apos;t generate code" />
                    <GetVal v="generate code" />
                    <PutVal v="don&amp;apos;t generate code" />
                    <ClrVal v="generate code" />
                    <SetVal v="generate code" />
                    <NegVal v="generate code" />
                    <GetRawVal v="don&amp;apos;t generate code" />
                  </Methods>
                  <Events>
                    <EmptySection_DummyValue />
                  </Events>
                </inhrbean>
              </boolgroup>
              <Anode_on_port_side v="yes" />
            </group>
          </Properties>
          <Methods>
            <On v="generate code" />
            <Off v="generate code" />
            <Neg v="generate code" />
            <Get v="generate code" />
            <Put v="generate code" />
            <Init v="generate code" />
            <Deinit v="generate code" />
          </Methods>
          <Events>
            <EmptySection_DummyValue />
          </Events>
        </inhrbean>
        <inhrbean type="LED">
          <Enabled v="Y" />
          <Properties>
            <Component_name v="Inhr2" />
            <LED_on_with_initialization v="no" />
            <group name="HW Interface">
              <boolgroup name="LDD" v="Disabled" />
              <boolgroup name="BitIO" v="Enabled">
                <inhrbean type="BitIO">
                  <Enabled v="Y" />
                  <Template v="LEDpin" />
                  <Properties>
                    <Component_name v="LEDpin2" />
                    <Pin_for_I_O v="PTA1_RGPIO1_USB_SESSEND" />
                    <Pin_signal v="Row1" />
                    <Pull_resistor sel_value="no pull resistor">
                      
autoselected pull

                      <EmptySection_DummyValue />
                    </Pull_resistor>
                    <Open_drain v="push-pull" />
                    <Slew_rate_control_for_PTA1 v="no" />
                    <Drive_strength_for_PTA1 v="High" />
                    <Input_filter_for_PTA1 v="Disabled" />
                    <Direction v="Output" />
                    <group name="Initialization">
                      <Init__direction v="Output" />
                      <Init__value v="0" />
                    </group>
                    <Safe_mode v="yes" />
                    <Optimization_for v="speed" />
                  </Properties>
                  <Methods>
                    <GetDir v="don&amp;apos;t generate code" />
                    <SetDir v="don&amp;apos;t generate code" />
                    <SetInput v="don&amp;apos;t generate code" />
                    <SetOutput v="don&amp;apos;t generate code" />
                    <GetVal v="generate code" />
                    <PutVal v="don&amp;apos;t generate code" />
                    <ClrVal v="generate code" />
                    <SetVal v="generate code" />
                    <NegVal v="generate code" />
                    <GetRawVal v="don&amp;apos;t generate code" />
                  </Methods>
                  <Events>
                    <EmptySection_DummyValue />
                  </Events>
                </inhrbean>
              </boolgroup>
              <Anode_on_port_side v="yes" />
            </group>
          </Properties>
          <Methods>
            <On v="generate code" />
            <Off v="generate code" />
            <Neg v="generate code" />
            <Get v="generate code" />
            <Put v="generate code" />
            <Init v="generate code" />
            <Deinit v="generate code" />
          </Methods>
          <Events>
            <EmptySection_DummyValue />
          </Events>
        </inhrbean>
        <inhrbean type="LED">
          <Enabled v="Y" />
          <Properties>
            <Component_name v="Inhr3" />
            <LED_on_with_initialization v="no" />
            <group name="HW Interface">
              <boolgroup name="LDD" v="Disabled" />
              <boolgroup name="BitIO" v="Enabled">
                <inhrbean type="BitIO">
                  <Enabled v="Y" />
                  <Template v="LEDpin" />
                  <Properties>
                    <Component_name v="LEDpin3" />
                    <Pin_for_I_O v="PTA2_RGPIO2_USB_VBUSVLD" />
                    <Pin_signal v="Row2" />
                    <Pull_resistor sel_value="no pull resistor">
                      
autoselected pull

                      <EmptySection_DummyValue />
                    </Pull_resistor>
                    <Open_drain v="push-pull" />
                    <Slew_rate_control_for_PTA2 v="no" />
                    <Drive_strength_for_PTA2 v="High" />
                    <Input_filter_for_PTA2 v="Disabled" />
                    <Direction v="Output" />
                    <group name="Initialization">
                      <Init__direction v="Output" />
                      <Init__value v="0" />
                    </group>
                    <Safe_mode v="yes" />
                    <Optimization_for v="speed" />
                  </Properties>
                  <Methods>
                    <GetDir v="don&amp;apos;t generate code" />
                    <SetDir v="don&amp;apos;t generate code" />
                    <SetInput v="don&amp;apos;t generate code" />
                    <SetOutput v="don&amp;apos;t generate code" />
                    <GetVal v="generate code" />
                    <PutVal v="don&amp;apos;t generate code" />
                    <ClrVal v="generate code" />
                    <SetVal v="generate code" />
                    <NegVal v="generate code" />
                    <GetRawVal v="don&amp;apos;t generate code" />
                  </Methods>
                  <Events>
                    <EmptySection_DummyValue />
                  </Events>
                </inhrbean>
              </boolgroup>
              <Anode_on_port_side v="yes" />
            </group>
          </Properties>
          <Methods>
            <On v="generate code" />
            <Off v="generate code" />
            <Neg v="generate code" />
            <Get v="generate code" />
            <Put v="generate code" />
            <Init v="generate code" />
            <Deinit v="generate code" />
          </Methods>
          <Events>
            <EmptySection_DummyValue />
          </Events>
        </inhrbean>
        <inhrbean type="LED">
          <Enabled v="Y" />
          <Properties>
            <Component_name v="Inhr4" />
            <LED_on_with_initialization v="no" />
            <group name="HW Interface">
              <boolgroup name="LDD" v="Disabled" />
              <boolgroup name="BitIO" v="Enabled">
                <inhrbean type="BitIO">
                  <Enabled v="Y" />
                  <Template v="LEDpin" />
                  <Properties>
                    <Component_name v="LEDpin4" />
                    <Pin_for_I_O v="PTA3_RGPIO3_USB_PULLUP" />
                    <Pin_signal v="Row3" />
                    <Pull_resistor sel_value="no pull resistor">
                      
autoselected pull

                      <EmptySection_DummyValue />
                    </Pull_resistor>
                    <Open_drain v="push-pull" />
                    <Slew_rate_control_for_PTA3 v="no" />
                    <Drive_strength_for_PTA3 v="High" />
                    <Input_filter_for_PTA3 v="Disabled" />
                    <Direction v="Output" />
                    <group name="Initialization">
                      <Init__direction v="Output" />
                      <Init__value v="0" />
                    </group>
                    <Safe_mode v="yes" />
                    <Optimization_for v="speed" />
                  </Properties>
                  <Methods>
                    <GetDir v="don&amp;apos;t generate code" />
                    <SetDir v="don&amp;apos;t generate code" />
                    <SetInput v="don&amp;apos;t generate code" />
                    <SetOutput v="don&amp;apos;t generate code" />
                    <GetVal v="generate code" />
                    <PutVal v="don&amp;apos;t generate code" />
                    <ClrVal v="generate code" />
                    <SetVal v="generate code" />
                    <NegVal v="generate code" />
                    <GetRawVal v="don&amp;apos;t generate code" />
                  </Methods>
                  <Events>
                    <EmptySection_DummyValue />
                  </Events>
                </inhrbean>
              </boolgroup>
              <Anode_on_port_side v="yes" />
            </group>
          </Properties>
          <Methods>
            <On v="generate code" />
            <Off v="generate code" />
            <Neg v="generate code" />
            <Get v="generate code" />
            <Put v="generate code" />
            <Init v="generate code" />
            <Deinit v="generate code" />
          </Methods>
          <Events>
            <EmptySection_DummyValue />
          </Events>
        </inhrbean>
        <inhrbean type="LED">
          <Enabled v="Y" />
          <Properties>
            <Component_name v="Inhr5" />
            <LED_on_with_initialization v="no" />
            <group name="HW Interface">
              <boolgroup name="LDD" v="Disabled" />
              <boolgroup name="BitIO" v="Enabled">
                <inhrbean type="BitIO">
                  <Enabled v="Y" />
                  <Template v="LEDpin" />
                  <Properties>
                    <Component_name v="LEDpin5" />
                    <Pin_for_I_O v="PTA4_RGPIO4_USB_DM_DOWN" />
                    <Pin_signal v="Row4" />
                    <Pull_resistor sel_value="no pull resistor">
                      
autoselected pull

                      <EmptySection_DummyValue />
                    </Pull_resistor>
                    <Open_drain v="push-pull" />
                    <Slew_rate_control_for_PTA4 v="no" />
                    <Drive_strength_for_PTA4 v="High" />
                    <Input_filter_for_PTA4 v="Disabled" />
                    <Direction v="Output" />
                    <group name="Initialization">
                      <Init__direction v="Output" />
                      <Init__value v="0" />
                    </group>
                    <Safe_mode v="yes" />
                    <Optimization_for v="speed" />
                  </Properties>
                  <Methods>
                    <GetDir v="don&amp;apos;t generate code" />
                    <SetDir v="don&amp;apos;t generate code" />
                    <SetInput v="don&amp;apos;t generate code" />
                    <SetOutput v="don&amp;apos;t generate code" />
                    <GetVal v="generate code" />
                    <PutVal v="don&amp;apos;t generate code" />
                    <ClrVal v="generate code" />
                    <SetVal v="generate code" />
                    <NegVal v="generate code" />
                    <GetRawVal v="don&amp;apos;t generate code" />
                  </Methods>
                  <Events>
                    <EmptySection_DummyValue />
                  </Events>
                </inhrbean>
              </boolgroup>
              <Anode_on_port_side v="yes" />
            </group>
          </Properties>
          <Methods>
            <On v="generate code" />
            <Off v="generate code" />
            <Neg v="generate code" />
            <Get v="generate code" />
            <Put v="generate code" />
            <Init v="generate code" />
            <Deinit v="generate code" />
          </Methods>
          <Events>
            <EmptySection_DummyValue />
          </Events>
        </inhrbean>
      </list>
      <list name="Columns" v="2">
        <inhrbean type="LEDbyte">
          <Enabled v="Y" />
          <Properties>
            <Component_name v="Inhr6" />
            <LED_on_with_initialization v="no" />
            <group name="HW Interface">
              <inhrbean type="ByteIO">
                <Enabled v="Y" />
                <Template v="ByteIO" />
                <Properties>
                  <Component_name v="LEDpin6" />
                  <Port v="PTE" />
                  <Port_signal v="COL0_7" />
                  <Pull_resistor sel_value="no pull resistor">
                    
autoselected pull

                    <EmptySection_DummyValue />
                  </Pull_resistor>
                  <Open_drain v="push-pull" />
                  <Direction v="Input/Output" />
                  <group name="Initialization">
                    <Init__direction v="Output" />
                    <Init__value v="0" />
                  </group>
                  <Safe_mode v="no" />
                  <group name="PORT E">
                    <Slew_rate_control_for_PTE0 v="no" />
                    <Slew_rate_control_for_PTE1 v="no" />
                    <Slew_rate_control_for_PTE2 v="no" />
                    <Slew_rate_control_for_PTE3 v="no" />
                    <Slew_rate_control_for_PTE4 v="no" />
                    <Slew_rate_control_for_PTE5 v="no" />
                    <Slew_rate_control_for_PTE6 v="no" />
                    <Slew_rate_control_for_PTE7 v="no" />
                    <Drive_strength_for_PTE0 v="High" />
                    <Drive_strength_for_PTE1 v="High" />
                    <Drive_strength_for_PTE2 v="High" />
                    <Drive_strength_for_PTE3 v="High" />
                    <Drive_strength_for_PTE4 v="High" />
                    <Drive_strength_for_PTE5 v="High" />
                    <Drive_strength_for_PTE6 v="High" />
                    <Drive_strength_for_PTE7 v="High" />
                    <Input_filter_for_PTE0 v="Disabled" />
                    <Input_filter_for_PTE1 v="Disabled" />
                    <Input_filter_for_PTE2 v="Disabled" />
                    <Input_filter_for_PTE3 v="Disabled" />
                    <Input_filter_for_PTE4 v="Disabled" />
                    <Input_filter_for_PTE5 v="Disabled" />
                    <Input_filter_for_PTE6 v="Disabled" />
                    <Input_filter_for_PTE7 v="Disabled" />
                  </group>
                </Properties>
                <Methods>
                  <GetDir v="generate code" />
                  <SetDir v="generate code" />
                  <SetInput v="don&amp;apos;t generate code" />
                  <SetOutput v="don&amp;apos;t generate code" />
                  <GetVal v="generate code" />
                  <PutVal v="generate code" />
                  <GetBit v="generate code" />
                  <PutBit v="generate code" />
                  <SetBit v="generate code" />
                  <ClrBit v="generate code" />
                  <NegBit v="generate code" />
                  <GetRawVal v="don&amp;apos;t generate code" />
                  <GetRawBit v="don&amp;apos;t generate code" />
                </Methods>
                <Events>
                  <EmptySection_DummyValue />
                </Events>
              </inhrbean>
              <Anode_on_port_side v="no" />
            </group>
          </Properties>
          <Methods>
            <On v="generate code" />
            <Off v="generate code" />
            <Neg v="generate code" />
            <Get v="generate code" />
            <Put v="generate code" />
            <SetOutput v="generate code" />
            <SetInput v="generate code" />
          </Methods>
          <Events>
            <EmptySection_DummyValue />
          </Events>
        </inhrbean>
        <inhrbean type="LEDbyte">
          <Enabled v="Y" />
          <Properties>
            <Component_name v="Inhr7" />
            <LED_on_with_initialization v="no" />
            <group name="HW Interface">
              <inhrbean type="ByteIO">
                <Enabled v="Y" />
                <Template v="ByteIO" />
                <Properties>
                  <Component_name v="LEDpin7" />
                  <Port v="PTD" />
                  <Port_signal v="COL8_15" />
                  <Pull_resistor sel_value="no pull resistor">
                    
autoselected pull

                    <EmptySection_DummyValue />
                  </Pull_resistor>
                  <Open_drain v="push-pull" />
                  <Direction v="Input/Output" />
                  <group name="Initialization">
                    <Init__direction v="Output" />
                    <Init__value v="0" />
                  </group>
                  <Safe_mode v="no" />
                  <group name="PORT D">
                    <Slew_rate_control_for_PTD0 v="no" />
                    <Slew_rate_control_for_PTD1 v="no" />
                    <Slew_rate_control_for_PTD2 v="no" />
                    <Slew_rate_control_for_PTD3 v="no" />
                    <Slew_rate_control_for_PTD4 v="no" />
                    <Slew_rate_control_for_PTD5 v="no" />
                    <Slew_rate_control_for_PTD6 v="no" />
                    <Slew_rate_control_for_PTD7 v="no" />
                    <Drive_strength_for_PTD0 v="High" />
                    <Drive_strength_for_PTD1 v="High" />
                    <Drive_strength_for_PTD2 v="High" />
                    <Drive_strength_for_PTD3 v="High" />
                    <Drive_strength_for_PTD4 v="High" />
                    <Drive_strength_for_PTD5 v="High" />
                    <Drive_strength_for_PTD6 v="High" />
                    <Drive_strength_for_PTD7 v="High" />
                    <Input_filter_for_PTD0 v="Disabled" />
                    <Input_filter_for_PTD1 v="Disabled" />
                    <Input_filter_for_PTD2 v="Disabled" />
                    <Input_filter_for_PTD3 v="Disabled" />
                    <Input_filter_for_PTD4 v="Disabled" />
                    <Input_filter_for_PTD5 v="Disabled" />
                    <Input_filter_for_PTD6 v="Disabled" />
                    <Input_filter_for_PTD7 v="Disabled" />
                  </group>
                </Properties>
                <Methods>
                  <GetDir v="generate code" />
                  <SetDir v="generate code" />
                  <SetInput v="don&amp;apos;t generate code" />
                  <SetOutput v="don&amp;apos;t generate code" />
                  <GetVal v="generate code" />
                  <PutVal v="generate code" />
                  <GetBit v="generate code" />
                  <PutBit v="generate code" />
                  <SetBit v="generate code" />
                  <ClrBit v="generate code" />
                  <NegBit v="generate code" />
                  <GetRawVal v="don&amp;apos;t generate code" />
                  <GetRawBit v="don&amp;apos;t generate code" />
                </Methods>
                <Events>
                  <EmptySection_DummyValue />
                </Events>
              </inhrbean>
              <Anode_on_port_side v="no" />
            </group>
          </Properties>
          <Methods>
            <On v="generate code" />
            <Off v="generate code" />
            <Neg v="generate code" />
            <Get v="generate code" />
            <Put v="generate code" />
            <SetOutput v="generate code" />
            <SetInput v="generate code" />
          </Methods>
          <Events>
            <EmptySection_DummyValue />
          </Events>
        </inhrbean>
      </list>
    </Properties>
    <Methods>
      <GetWidth v="generate code" />
      <GetHeight v="generate code" />
      <GetShorterSide v="generate code" />
      <GetLongerSide v="generate code" />
      <GetDisplayOrientation v="generate code" />
      <SetDisplayOrientation v="don&amp;apos;t generate code" />
      <StartSafeReverseBias v="generate code" />
      <GetCathodeVal v="generate code" />
      <StopSafeReverseBias v="generate code" />
      <UpdateFull v="generate code" />
      <UpdateRegion v="generate code" />
      <On v="generate code" />
      <Off v="generate code" />
      <Enable v="don&amp;apos;t generate code" />
      <Disable v="don&amp;apos;t generate code" />
    </Methods>
    <Events>
      <EmptySection_DummyValue />
    </Events>
  </Bean>
</PE_PROJECT_SETTINGS_DOCUMENTATION>

