<?xml version="1.0" encoding="UTF-8"?>
<!--

  Copyright : 2012 Freescale, Inc. All Rights Reserved.

  This configuration file is a standard interchange file that's format is maintained
  by Freescale, Inc. The configuration file is a derivative work
  of the Processor Expert Software technology licensed for use by customers
  as defined as SOFTWARE in the product's End User License Agreement. This file
  and format are free to use and distribute for read-only purposes. You do not have
  the right to create these files or modify this format or use for any purposes other
  than interchange with the Processor Expert Software technology.

  THIS SOFTWARE IS PROVIDED "AS IS".

  NO WARRANTIES, WHETHER EXPRESS, IMPLIED OR STATUTORY, INCLUDING, BUT NOT
  LIMITED TO, IMPLIED WARRANTIES OF MERCHANTABILITY AND FITNESS FOR A PARTICULAR
  PURPOSE APPLY TO THIS SOFTWARE. IN NO EVENT WILL FREESCALE BE LIABLE, WHETHER
  IN CONTRACT, TORT, OR OTHERWISE, FOR ANY INCIDENTAL, SPECIAL, INDIRECT,
  CONSEQUENTIAL OR PUNITIVE DAMAGES, INCLUDING, BUT NOT LIMITED TO, DAMAGES FOR
  ANY LOSS OF USE, LOSS OF TIME, INCONVENIENCE, COMMERCIAL LOSS, OR LOST PROFITS,
  SAVINGS, OR REVENUES TO THE FULL EXTENT SUCH MAY BE DISCLAIMED BY LAW.

-->
<export xmlns:xsi="http://www.w3.org/2001/XMLSchema-instance" xsi:noNamespaceSchemaLocation="ProjectInfoDescription.xsd">
  <PROCESSOR>
    <DeviceID>MK64FN1M0xxx12</DeviceID>
    <CoreNum>1</CoreNum>
    <Cores>
      <Core>
        <CoreSet>Cortex-M4</CoreSet>
      </Core>
    </Cores>
    <SRAMsize>256k</SRAMsize>
    <FLASHsize>1M</FLASHsize>
  </PROCESSOR>
  <PATHS>
    <LinkerCommandFile>P:\KDS\FRDM-K64F120M\FRDM-K64F_USB_HID_Mouse\Project_Settings\Linker_Files\ProcessorExpert.ld</LinkerCommandFile>
    <IncludePaths>
      <Path>C:\nxp\KDS_3.2.0\eclipse\ProcessorExpert\Repositories\Kinetis_Repository\lib\Kinetis\pdd2\MK64FN1M0LQ12\system\</Path>
      <Path>C:\nxp\KDS_3.2.0\eclipse\ProcessorExpert\lib\Kinetis\pdd\inc\</Path>
      <Path>C:\nxp\KDS_3.2.0\eclipse\ProcessorExpert\lib\Kinetis\iofiles\</Path>
      <Path>C:\nxp\KDS_3.2.0\eclipse\ProcessorExpert\Repositories\Kinetis_Repository\lib\Kinetis\pdd2\MK64FN1M0LQ12\peripherals\</Path>
      <Path>P:\KDS\FRDM-K64F120M\FRDM-K64F_USB_HID_Mouse\Sources\</Path>
      <Path>P:\KDS\FRDM-K64F120M\FRDM-K64F_USB_HID_Mouse\Generated_Code\</Path>
    </IncludePaths>
    <SourceCodePaths>
      <Path>P:\KDS\FRDM-K64F120M\FRDM-K64F_USB_HID_Mouse\Generated_Code\</Path>
      <Path>P:\KDS\FRDM-K64F120M\FRDM-K64F_USB_HID_Mouse\Project_Settings\Startup_Code\</Path>
      <Path>P:\KDS\FRDM-K64F120M\FRDM-K64F_USB_HID_Mouse\Sources\</Path>
      <Path>C:\Freescale\KDS_3.0.0\eclipse\ProcessorExpert\Repositories\Kinetis_Repository\lib\Kinetis\pdd2\MK64FN1M0LQ12\peripherals\</Path>
      <Path>C:\Freescale\KDS_3.0.0\eclipse\ProcessorExpert\Repositories\Kinetis_Repository\lib\Kinetis\pdd2\MK64FN1M0LQ12\system\</Path>
      <Path>C:\nxp\KDS_3.2.0\eclipse\ProcessorExpert\Repositories\Kinetis_Repository\lib\Kinetis\pdd2\MK64FN1M0LQ12\system\</Path>
      <Path>C:\nxp\KDS_3.2.0\eclipse\ProcessorExpert\Repositories\Kinetis_Repository\lib\Kinetis\pdd2\MK64FN1M0LQ12\peripherals\</Path>
    </SourceCodePaths>
  </PATHS>
  <FILES>
    <GeneratedCs>
      <PathName>P:\KDS\FRDM-K64F120M\FRDM-K64F_USB_HID_Mouse\Generated_Code\BitIoLdd1.c</PathName>
      <PathName>P:\KDS\FRDM-K64F120M\FRDM-K64F_USB_HID_Mouse\Generated_Code\BitIoLdd2.c</PathName>
      <PathName>P:\KDS\FRDM-K64F120M\FRDM-K64F_USB_HID_Mouse\Generated_Code\BitIoLdd3.c</PathName>
      <PathName>P:\KDS\FRDM-K64F120M\FRDM-K64F_USB_HID_Mouse\Generated_Code\BitIoLdd4.c</PathName>
      <PathName>P:\KDS\FRDM-K64F120M\FRDM-K64F_USB_HID_Mouse\Generated_Code\BitIoLdd5.c</PathName>
      <PathName>P:\KDS\FRDM-K64F120M\FRDM-K64F_USB_HID_Mouse\Generated_Code\CS1.c</PathName>
      <PathName>P:\KDS\FRDM-K64F120M\FRDM-K64F_USB_HID_Mouse\Generated_Code\Cpu.c</PathName>
      <PathName>P:\KDS\FRDM-K64F120M\FRDM-K64F_USB_HID_Mouse\Generated_Code\HIDM1.c</PathName>
      <PathName>P:\KDS\FRDM-K64F120M\FRDM-K64F_USB_HID_Mouse\Generated_Code\KSDK1.c</PathName>
      <PathName>P:\KDS\FRDM-K64F120M\FRDM-K64F_USB_HID_Mouse\Generated_Code\LED1.c</PathName>
      <PathName>P:\KDS\FRDM-K64F120M\FRDM-K64F_USB_HID_Mouse\Generated_Code\LED2.c</PathName>
      <PathName>P:\KDS\FRDM-K64F120M\FRDM-K64F_USB_HID_Mouse\Generated_Code\LED3.c</PathName>
      <PathName>P:\KDS\FRDM-K64F120M\FRDM-K64F_USB_HID_Mouse\Generated_Code\LEDpin1.c</PathName>
      <PathName>P:\KDS\FRDM-K64F120M\FRDM-K64F_USB_HID_Mouse\Generated_Code\LEDpin2.c</PathName>
      <PathName>P:\KDS\FRDM-K64F120M\FRDM-K64F_USB_HID_Mouse\Generated_Code\LEDpin3.c</PathName>
      <PathName>P:\KDS\FRDM-K64F120M\FRDM-K64F_USB_HID_Mouse\Generated_Code\PE_LDD.c</PathName>
      <PathName>P:\KDS\FRDM-K64F120M\FRDM-K64F_USB_HID_Mouse\Generated_Code\Pins1.c</PathName>
      <PathName>P:\KDS\FRDM-K64F120M\FRDM-K64F_USB_HID_Mouse\Generated_Code\SW2.c</PathName>
      <PathName>P:\KDS\FRDM-K64F120M\FRDM-K64F_USB_HID_Mouse\Generated_Code\SW3.c</PathName>
      <PathName>P:\KDS\FRDM-K64F120M\FRDM-K64F_USB_HID_Mouse\Generated_Code\Tx3.c</PathName>
      <PathName>P:\KDS\FRDM-K64F120M\FRDM-K64F_USB_HID_Mouse\Generated_Code\USB1.c</PathName>
      <PathName>P:\KDS\FRDM-K64F120M\FRDM-K64F_USB_HID_Mouse\Generated_Code\UTIL1.c</PathName>
      <PathName>P:\KDS\FRDM-K64F120M\FRDM-K64F_USB_HID_Mouse\Generated_Code\WAIT1.c</PathName>
      <PathName>P:\KDS\FRDM-K64F120M\FRDM-K64F_USB_HID_Mouse\Generated_Code\usb_class.c</PathName>
      <PathName>P:\KDS\FRDM-K64F120M\FRDM-K64F_USB_HID_Mouse\Generated_Code\usb_dci_kinetis.c</PathName>
      <PathName>P:\KDS\FRDM-K64F120M\FRDM-K64F_USB_HID_Mouse\Generated_Code\usb_descriptor.c</PathName>
      <PathName>P:\KDS\FRDM-K64F120M\FRDM-K64F_USB_HID_Mouse\Generated_Code\usb_driver.c</PathName>
      <PathName>P:\KDS\FRDM-K64F120M\FRDM-K64F_USB_HID_Mouse\Generated_Code\usb_framework.c</PathName>
      <PathName>P:\KDS\FRDM-K64F120M\FRDM-K64F_USB_HID_Mouse\Generated_Code\usb_hid.c</PathName>
      <PathName>P:\KDS\FRDM-K64F120M\FRDM-K64F_USB_HID_Mouse\Generated_Code\wdt_kinetis.c</PathName>
      <PathName>P:\KDS\FRDM-K64F120M\FRDM-K64F_USB_HID_Mouse\Project_Settings\Startup_Code\startup.c</PathName>
      <PathName>P:\KDS\FRDM-K64F120M\FRDM-K64F_USB_HID_Mouse\Sources\Application.c</PathName>
      <PathName>P:\KDS\FRDM-K64F120M\FRDM-K64F_USB_HID_Mouse\Sources\Events.c</PathName>
      <PathName>P:\KDS\FRDM-K64F120M\FRDM-K64F_USB_HID_Mouse\Sources\main.c</PathName>
      <PathName>C:\Freescale\KDS_3.0.0\eclipse\ProcessorExpert\Repositories\Kinetis_Repository\lib\Kinetis\pdd2\MK64FN1M0LQ12\peripherals\PTA_Init.c</PathName>
      <PathName>C:\Freescale\KDS_3.0.0\eclipse\ProcessorExpert\Repositories\Kinetis_Repository\lib\Kinetis\pdd2\MK64FN1M0LQ12\peripherals\PTC_Init.c</PathName>
      <PathName>C:\Freescale\KDS_3.0.0\eclipse\ProcessorExpert\Repositories\Kinetis_Repository\lib\Kinetis\pdd2\MK64FN1M0LQ12\peripherals\USB0_Init.c</PathName>
      <PathName>C:\Freescale\KDS_3.0.0\eclipse\ProcessorExpert\Repositories\Kinetis_Repository\lib\Kinetis\pdd2\MK64FN1M0LQ12\system\CPU_Init.c</PathName>
      <PathName>C:\Freescale\KDS_3.0.0\eclipse\ProcessorExpert\Repositories\Kinetis_Repository\lib\Kinetis\pdd2\MK64FN1M0LQ12\system\Peripherals_Init.c</PathName>
      <PathName>C:\Freescale\KDS_3.0.0\eclipse\ProcessorExpert\Repositories\Kinetis_Repository\lib\Kinetis\pdd2\MK64FN1M0LQ12\system\Vectors.c</PathName>
      <PathName>C:\nxp\KDS_3.2.0\eclipse\ProcessorExpert\Repositories\Kinetis_Repository\lib\Kinetis\pdd2\MK64FN1M0LQ12\system\CPU_Init.c</PathName>
      <PathName>C:\nxp\KDS_3.2.0\eclipse\ProcessorExpert\Repositories\Kinetis_Repository\lib\Kinetis\pdd2\MK64FN1M0LQ12\system\Peripherals_Init.c</PathName>
      <PathName>C:\nxp\KDS_3.2.0\eclipse\ProcessorExpert\Repositories\Kinetis_Repository\lib\Kinetis\pdd2\MK64FN1M0LQ12\system\Vectors.c</PathName>
      <PathName>C:\nxp\KDS_3.2.0\eclipse\ProcessorExpert\Repositories\Kinetis_Repository\lib\Kinetis\pdd2\MK64FN1M0LQ12\peripherals\PTA_Init.c</PathName>
      <PathName>C:\nxp\KDS_3.2.0\eclipse\ProcessorExpert\Repositories\Kinetis_Repository\lib\Kinetis\pdd2\MK64FN1M0LQ12\peripherals\PTC_Init.c</PathName>
      <PathName>C:\nxp\KDS_3.2.0\eclipse\ProcessorExpert\Repositories\Kinetis_Repository\lib\Kinetis\pdd2\MK64FN1M0LQ12\peripherals\USB0_Init.c</PathName>
    </GeneratedCs>
    <GeneratedHs>
      <PathName>P:\KDS\FRDM-K64F120M\FRDM-K64F_USB_HID_Mouse\Generated_Code\BitIoLdd1.h</PathName>
      <PathName>P:\KDS\FRDM-K64F120M\FRDM-K64F_USB_HID_Mouse\Generated_Code\BitIoLdd2.h</PathName>
      <PathName>P:\KDS\FRDM-K64F120M\FRDM-K64F_USB_HID_Mouse\Generated_Code\BitIoLdd3.h</PathName>
      <PathName>P:\KDS\FRDM-K64F120M\FRDM-K64F_USB_HID_Mouse\Generated_Code\BitIoLdd4.h</PathName>
      <PathName>P:\KDS\FRDM-K64F120M\FRDM-K64F_USB_HID_Mouse\Generated_Code\BitIoLdd5.h</PathName>
      <PathName>P:\KDS\FRDM-K64F120M\FRDM-K64F_USB_HID_Mouse\Generated_Code\CPU_Config.h</PathName>
      <PathName>P:\KDS\FRDM-K64F120M\FRDM-K64F_USB_HID_Mouse\Generated_Code\CS1.h</PathName>
      <PathName>P:\KDS\FRDM-K64F120M\FRDM-K64F_USB_HID_Mouse\Generated_Code\Cpu.h</PathName>
      <PathName>P:\KDS\FRDM-K64F120M\FRDM-K64F_USB_HID_Mouse\Generated_Code\FSL_USB_Stack_Config.h</PathName>
      <PathName>P:\KDS\FRDM-K64F120M\FRDM-K64F_USB_HID_Mouse\Generated_Code\HIDM1.h</PathName>
      <PathName>P:\KDS\FRDM-K64F120M\FRDM-K64F_USB_HID_Mouse\Generated_Code\IO_Map.h</PathName>
      <PathName>P:\KDS\FRDM-K64F120M\FRDM-K64F_USB_HID_Mouse\Generated_Code\Init_Config.h</PathName>
      <PathName>P:\KDS\FRDM-K64F120M\FRDM-K64F_USB_HID_Mouse\Generated_Code\KSDK1.h</PathName>
      <PathName>P:\KDS\FRDM-K64F120M\FRDM-K64F_USB_HID_Mouse\Generated_Code\LED1.h</PathName>
      <PathName>P:\KDS\FRDM-K64F120M\FRDM-K64F_USB_HID_Mouse\Generated_Code\LED2.h</PathName>
      <PathName>P:\KDS\FRDM-K64F120M\FRDM-K64F_USB_HID_Mouse\Generated_Code\LED3.h</PathName>
      <PathName>P:\KDS\FRDM-K64F120M\FRDM-K64F_USB_HID_Mouse\Generated_Code\LEDpin1.h</PathName>
      <PathName>P:\KDS\FRDM-K64F120M\FRDM-K64F_USB_HID_Mouse\Generated_Code\LEDpin2.h</PathName>
      <PathName>P:\KDS\FRDM-K64F120M\FRDM-K64F_USB_HID_Mouse\Generated_Code\LEDpin3.h</PathName>
      <PathName>P:\KDS\FRDM-K64F120M\FRDM-K64F_USB_HID_Mouse\Generated_Code\PE_Const.h</PathName>
      <PathName>P:\KDS\FRDM-K64F120M\FRDM-K64F_USB_HID_Mouse\Generated_Code\PE_Error.h</PathName>
      <PathName>P:\KDS\FRDM-K64F120M\FRDM-K64F_USB_HID_Mouse\Generated_Code\PE_LDD.h</PathName>
      <PathName>P:\KDS\FRDM-K64F120M\FRDM-K64F_USB_HID_Mouse\Generated_Code\PE_Types.h</PathName>
      <PathName>P:\KDS\FRDM-K64F120M\FRDM-K64F_USB_HID_Mouse\Generated_Code\PTA.h</PathName>
      <PathName>P:\KDS\FRDM-K64F120M\FRDM-K64F_USB_HID_Mouse\Generated_Code\PTA_Config.h</PathName>
      <PathName>P:\KDS\FRDM-K64F120M\FRDM-K64F_USB_HID_Mouse\Generated_Code\PTC.h</PathName>
      <PathName>P:\KDS\FRDM-K64F120M\FRDM-K64F_USB_HID_Mouse\Generated_Code\PTC_Config.h</PathName>
      <PathName>P:\KDS\FRDM-K64F120M\FRDM-K64F_USB_HID_Mouse\Generated_Code\Pins1.h</PathName>
      <PathName>P:\KDS\FRDM-K64F120M\FRDM-K64F_USB_HID_Mouse\Generated_Code\SW2.h</PathName>
      <PathName>P:\KDS\FRDM-K64F120M\FRDM-K64F_USB_HID_Mouse\Generated_Code\SW3.h</PathName>
      <PathName>P:\KDS\FRDM-K64F120M\FRDM-K64F_USB_HID_Mouse\Generated_Code\Tx3.h</PathName>
      <PathName>P:\KDS\FRDM-K64F120M\FRDM-K64F_USB_HID_Mouse\Generated_Code\USB0.h</PathName>
      <PathName>P:\KDS\FRDM-K64F120M\FRDM-K64F_USB_HID_Mouse\Generated_Code\USB0_Config.h</PathName>
      <PathName>P:\KDS\FRDM-K64F120M\FRDM-K64F_USB_HID_Mouse\Generated_Code\USB1.h</PathName>
      <PathName>P:\KDS\FRDM-K64F120M\FRDM-K64F_USB_HID_Mouse\Generated_Code\USB_Config.h</PathName>
      <PathName>P:\KDS\FRDM-K64F120M\FRDM-K64F_USB_HID_Mouse\Generated_Code\UTIL1.h</PathName>
      <PathName>P:\KDS\FRDM-K64F120M\FRDM-K64F_USB_HID_Mouse\Generated_Code\Vectors_Config.h</PathName>
      <PathName>P:\KDS\FRDM-K64F120M\FRDM-K64F_USB_HID_Mouse\Generated_Code\WAIT1.h</PathName>
      <PathName>P:\KDS\FRDM-K64F120M\FRDM-K64F_USB_HID_Mouse\Generated_Code\derivative.h</PathName>
      <PathName>P:\KDS\FRDM-K64F120M\FRDM-K64F_USB_HID_Mouse\Generated_Code\hidef.h</PathName>
      <PathName>P:\KDS\FRDM-K64F120M\FRDM-K64F_USB_HID_Mouse\Generated_Code\types.h</PathName>
      <PathName>P:\KDS\FRDM-K64F120M\FRDM-K64F_USB_HID_Mouse\Generated_Code\usb_bdt_kinetis.h</PathName>
      <PathName>P:\KDS\FRDM-K64F120M\FRDM-K64F_USB_HID_Mouse\Generated_Code\usb_class.h</PathName>
      <PathName>P:\KDS\FRDM-K64F120M\FRDM-K64F_USB_HID_Mouse\Generated_Code\usb_dci_kinetis.h</PathName>
      <PathName>P:\KDS\FRDM-K64F120M\FRDM-K64F_USB_HID_Mouse\Generated_Code\usb_dciapi.h</PathName>
      <PathName>P:\KDS\FRDM-K64F120M\FRDM-K64F_USB_HID_Mouse\Generated_Code\usb_descriptor.h</PathName>
      <PathName>P:\KDS\FRDM-K64F120M\FRDM-K64F_USB_HID_Mouse\Generated_Code\usb_devapi.h</PathName>
      <PathName>P:\KDS\FRDM-K64F120M\FRDM-K64F_USB_HID_Mouse\Generated_Code\usb_framework.h</PathName>
      <PathName>P:\KDS\FRDM-K64F120M\FRDM-K64F_USB_HID_Mouse\Generated_Code\usb_hid.h</PathName>
      <PathName>P:\KDS\FRDM-K64F120M\FRDM-K64F_USB_HID_Mouse\Generated_Code\usb_user_config.h</PathName>
      <PathName>P:\KDS\FRDM-K64F120M\FRDM-K64F_USB_HID_Mouse\Generated_Code\wdt_kinetis.h</PathName>
      <PathName>P:\KDS\FRDM-K64F120M\FRDM-K64F_USB_HID_Mouse\Sources\Application.h</PathName>
      <PathName>P:\KDS\FRDM-K64F120M\FRDM-K64F_USB_HID_Mouse\Sources\Events.h</PathName>
      <PathName>C:\Freescale\KDS_3.0.0\eclipse\ProcessorExpert\lib\Kinetis\iofiles\MK64F12.h</PathName>
      <PathName>C:\Freescale\KDS_3.0.0\eclipse\ProcessorExpert\lib\Kinetis\pdd\inc\ADC_PDD.h</PathName>
      <PathName>C:\Freescale\KDS_3.0.0\eclipse\ProcessorExpert\lib\Kinetis\pdd\inc\CAN_PDD.h</PathName>
      <PathName>C:\Freescale\KDS_3.0.0\eclipse\ProcessorExpert\lib\Kinetis\pdd\inc\CMP_PDD.h</PathName>
      <PathName>C:\Freescale\KDS_3.0.0\eclipse\ProcessorExpert\lib\Kinetis\pdd\inc\CMT_PDD.h</PathName>
      <PathName>C:\Freescale\KDS_3.0.0\eclipse\ProcessorExpert\lib\Kinetis\pdd\inc\CRC_PDD.h</PathName>
      <PathName>C:\Freescale\KDS_3.0.0\eclipse\ProcessorExpert\lib\Kinetis\pdd\inc\DAC_PDD.h</PathName>
      <PathName>C:\Freescale\KDS_3.0.0\eclipse\ProcessorExpert\lib\Kinetis\pdd\inc\DMAMUX_PDD.h</PathName>
      <PathName>C:\Freescale\KDS_3.0.0\eclipse\ProcessorExpert\lib\Kinetis\pdd\inc\DMA_PDD.h</PathName>
      <PathName>C:\Freescale\KDS_3.0.0\eclipse\ProcessorExpert\lib\Kinetis\pdd\inc\ENET_PDD.h</PathName>
      <PathName>C:\Freescale\KDS_3.0.0\eclipse\ProcessorExpert\lib\Kinetis\pdd\inc\EWM_PDD.h</PathName>
      <PathName>C:\Freescale\KDS_3.0.0\eclipse\ProcessorExpert\lib\Kinetis\pdd\inc\FMC_PDD.h</PathName>
      <PathName>C:\Freescale\KDS_3.0.0\eclipse\ProcessorExpert\lib\Kinetis\pdd\inc\FTFE_PDD.h</PathName>
      <PathName>C:\Freescale\KDS_3.0.0\eclipse\ProcessorExpert\lib\Kinetis\pdd\inc\FTM_PDD.h</PathName>
      <PathName>C:\Freescale\KDS_3.0.0\eclipse\ProcessorExpert\lib\Kinetis\pdd\inc\GPIO_PDD.h</PathName>
      <PathName>C:\Freescale\KDS_3.0.0\eclipse\ProcessorExpert\lib\Kinetis\pdd\inc\I2C_PDD.h</PathName>
      <PathName>C:\Freescale\KDS_3.0.0\eclipse\ProcessorExpert\lib\Kinetis\pdd\inc\LLWU_PDD.h</PathName>
      <PathName>C:\Freescale\KDS_3.0.0\eclipse\ProcessorExpert\lib\Kinetis\pdd\inc\LPTMR_PDD.h</PathName>
      <PathName>C:\Freescale\KDS_3.0.0\eclipse\ProcessorExpert\lib\Kinetis\pdd\inc\MCG_PDD.h</PathName>
      <PathName>C:\Freescale\KDS_3.0.0\eclipse\ProcessorExpert\lib\Kinetis\pdd\inc\MCM_PDD.h</PathName>
      <PathName>C:\Freescale\KDS_3.0.0\eclipse\ProcessorExpert\lib\Kinetis\pdd\inc\OSC_PDD.h</PathName>
      <PathName>C:\Freescale\KDS_3.0.0\eclipse\ProcessorExpert\lib\Kinetis\pdd\inc\PDB_PDD.h</PathName>
      <PathName>C:\Freescale\KDS_3.0.0\eclipse\ProcessorExpert\lib\Kinetis\pdd\inc\PDD_Types.h</PathName>
      <PathName>C:\Freescale\KDS_3.0.0\eclipse\ProcessorExpert\lib\Kinetis\pdd\inc\PIT_PDD.h</PathName>
      <PathName>C:\Freescale\KDS_3.0.0\eclipse\ProcessorExpert\lib\Kinetis\pdd\inc\PMC_PDD.h</PathName>
      <PathName>C:\Freescale\KDS_3.0.0\eclipse\ProcessorExpert\lib\Kinetis\pdd\inc\PORT_PDD.h</PathName>
      <PathName>C:\Freescale\KDS_3.0.0\eclipse\ProcessorExpert\lib\Kinetis\pdd\inc\RCM_PDD.h</PathName>
      <PathName>C:\Freescale\KDS_3.0.0\eclipse\ProcessorExpert\lib\Kinetis\pdd\inc\RNGA_PDD.h</PathName>
      <PathName>C:\Freescale\KDS_3.0.0\eclipse\ProcessorExpert\lib\Kinetis\pdd\inc\RTC_PDD.h</PathName>
      <PathName>C:\Freescale\KDS_3.0.0\eclipse\ProcessorExpert\lib\Kinetis\pdd\inc\SAI_PDD.h</PathName>
      <PathName>C:\Freescale\KDS_3.0.0\eclipse\ProcessorExpert\lib\Kinetis\pdd\inc\SCB_PDD.h</PathName>
      <PathName>C:\Freescale\KDS_3.0.0\eclipse\ProcessorExpert\lib\Kinetis\pdd\inc\SDHC_PDD.h</PathName>
      <PathName>C:\Freescale\KDS_3.0.0\eclipse\ProcessorExpert\lib\Kinetis\pdd\inc\SIM_PDD.h</PathName>
      <PathName>C:\Freescale\KDS_3.0.0\eclipse\ProcessorExpert\lib\Kinetis\pdd\inc\SMC_PDD.h</PathName>
      <PathName>C:\Freescale\KDS_3.0.0\eclipse\ProcessorExpert\lib\Kinetis\pdd\inc\SPI_PDD.h</PathName>
      <PathName>C:\Freescale\KDS_3.0.0\eclipse\ProcessorExpert\lib\Kinetis\pdd\inc\SysTick_PDD.h</PathName>
      <PathName>C:\Freescale\KDS_3.0.0\eclipse\ProcessorExpert\lib\Kinetis\pdd\inc\UART_PDD.h</PathName>
      <PathName>C:\Freescale\KDS_3.0.0\eclipse\ProcessorExpert\lib\Kinetis\pdd\inc\USBDCD_PDD.h</PathName>
      <PathName>C:\Freescale\KDS_3.0.0\eclipse\ProcessorExpert\lib\Kinetis\pdd\inc\USB_PDD.h</PathName>
      <PathName>C:\Freescale\KDS_3.0.0\eclipse\ProcessorExpert\lib\Kinetis\pdd\inc\VREF_PDD.h</PathName>
      <PathName>C:\Freescale\KDS_3.0.0\eclipse\ProcessorExpert\lib\Kinetis\pdd\inc\WDOG_PDD.h</PathName>
      <PathName>C:\Freescale\KDS_3.0.0\eclipse\ProcessorExpert\Repositories\Kinetis_Repository\lib\Kinetis\pdd2\MK64FN1M0LQ12\peripherals\PTA_Init.h</PathName>
      <PathName>C:\Freescale\KDS_3.0.0\eclipse\ProcessorExpert\Repositories\Kinetis_Repository\lib\Kinetis\pdd2\MK64FN1M0LQ12\peripherals\PTC_Init.h</PathName>
      <PathName>C:\Freescale\KDS_3.0.0\eclipse\ProcessorExpert\Repositories\Kinetis_Repository\lib\Kinetis\pdd2\MK64FN1M0LQ12\peripherals\USB0_Init.h</PathName>
      <PathName>C:\Freescale\KDS_3.0.0\eclipse\ProcessorExpert\Repositories\Kinetis_Repository\lib\Kinetis\pdd2\MK64FN1M0LQ12\system\CPU_Init.h</PathName>
      <PathName>C:\Freescale\KDS_3.0.0\eclipse\ProcessorExpert\Repositories\Kinetis_Repository\lib\Kinetis\pdd2\MK64FN1M0LQ12\system\PDD_Includes.h</PathName>
      <PathName>C:\Freescale\KDS_3.0.0\eclipse\ProcessorExpert\Repositories\Kinetis_Repository\lib\Kinetis\pdd2\MK64FN1M0LQ12\system\Peripherals_Init.h</PathName>
      <PathName>C:\nxp\KDS_3.2.0\eclipse\ProcessorExpert\Repositories\Kinetis_Repository\lib\Kinetis\pdd2\MK64FN1M0LQ12\system\CPU_Init.h</PathName>
      <PathName>C:\nxp\KDS_3.2.0\eclipse\ProcessorExpert\Repositories\Kinetis_Repository\lib\Kinetis\pdd2\MK64FN1M0LQ12\system\PDD_Includes.h</PathName>
      <PathName>C:\nxp\KDS_3.2.0\eclipse\ProcessorExpert\Repositories\Kinetis_Repository\lib\Kinetis\pdd2\MK64FN1M0LQ12\system\Peripherals_Init.h</PathName>
      <PathName>C:\nxp\KDS_3.2.0\eclipse\ProcessorExpert\lib\Kinetis\iofiles\MK64F12.h</PathName>
      <PathName>C:\nxp\KDS_3.2.0\eclipse\ProcessorExpert\lib\Kinetis\pdd\inc\PDD_Types.h</PathName>
      <PathName>C:\nxp\KDS_3.2.0\eclipse\ProcessorExpert\lib\Kinetis\pdd\inc\ADC_PDD.h</PathName>
      <PathName>C:\nxp\KDS_3.2.0\eclipse\ProcessorExpert\lib\Kinetis\pdd\inc\CAN_PDD.h</PathName>
      <PathName>C:\nxp\KDS_3.2.0\eclipse\ProcessorExpert\lib\Kinetis\pdd\inc\CMP_PDD.h</PathName>
      <PathName>C:\nxp\KDS_3.2.0\eclipse\ProcessorExpert\lib\Kinetis\pdd\inc\CMT_PDD.h</PathName>
      <PathName>C:\nxp\KDS_3.2.0\eclipse\ProcessorExpert\lib\Kinetis\pdd\inc\CRC_PDD.h</PathName>
      <PathName>C:\nxp\KDS_3.2.0\eclipse\ProcessorExpert\lib\Kinetis\pdd\inc\DAC_PDD.h</PathName>
      <PathName>C:\nxp\KDS_3.2.0\eclipse\ProcessorExpert\lib\Kinetis\pdd\inc\DMAMUX_PDD.h</PathName>
      <PathName>C:\nxp\KDS_3.2.0\eclipse\ProcessorExpert\lib\Kinetis\pdd\inc\DMA_PDD.h</PathName>
      <PathName>C:\nxp\KDS_3.2.0\eclipse\ProcessorExpert\lib\Kinetis\pdd\inc\ENET_PDD.h</PathName>
      <PathName>C:\nxp\KDS_3.2.0\eclipse\ProcessorExpert\lib\Kinetis\pdd\inc\EWM_PDD.h</PathName>
      <PathName>C:\nxp\KDS_3.2.0\eclipse\ProcessorExpert\lib\Kinetis\pdd\inc\FMC_PDD.h</PathName>
      <PathName>C:\nxp\KDS_3.2.0\eclipse\ProcessorExpert\lib\Kinetis\pdd\inc\FTFE_PDD.h</PathName>
      <PathName>C:\nxp\KDS_3.2.0\eclipse\ProcessorExpert\lib\Kinetis\pdd\inc\FTM_PDD.h</PathName>
      <PathName>C:\nxp\KDS_3.2.0\eclipse\ProcessorExpert\lib\Kinetis\pdd\inc\I2C_PDD.h</PathName>
      <PathName>C:\nxp\KDS_3.2.0\eclipse\ProcessorExpert\lib\Kinetis\pdd\inc\LLWU_PDD.h</PathName>
      <PathName>C:\nxp\KDS_3.2.0\eclipse\ProcessorExpert\lib\Kinetis\pdd\inc\LPTMR_PDD.h</PathName>
      <PathName>C:\nxp\KDS_3.2.0\eclipse\ProcessorExpert\lib\Kinetis\pdd\inc\MCG_PDD.h</PathName>
      <PathName>C:\nxp\KDS_3.2.0\eclipse\ProcessorExpert\lib\Kinetis\pdd\inc\MCM_PDD.h</PathName>
      <PathName>C:\nxp\KDS_3.2.0\eclipse\ProcessorExpert\lib\Kinetis\pdd\inc\OSC_PDD.h</PathName>
      <PathName>C:\nxp\KDS_3.2.0\eclipse\ProcessorExpert\lib\Kinetis\pdd\inc\PDB_PDD.h</PathName>
      <PathName>C:\nxp\KDS_3.2.0\eclipse\ProcessorExpert\lib\Kinetis\pdd\inc\PIT_PDD.h</PathName>
      <PathName>C:\nxp\KDS_3.2.0\eclipse\ProcessorExpert\lib\Kinetis\pdd\inc\PMC_PDD.h</PathName>
      <PathName>C:\nxp\KDS_3.2.0\eclipse\ProcessorExpert\lib\Kinetis\pdd\inc\PORT_PDD.h</PathName>
      <PathName>C:\nxp\KDS_3.2.0\eclipse\ProcessorExpert\lib\Kinetis\pdd\inc\RCM_PDD.h</PathName>
      <PathName>C:\nxp\KDS_3.2.0\eclipse\ProcessorExpert\lib\Kinetis\pdd\inc\RNGA_PDD.h</PathName>
      <PathName>C:\nxp\KDS_3.2.0\eclipse\ProcessorExpert\lib\Kinetis\pdd\inc\RTC_PDD.h</PathName>
      <PathName>C:\nxp\KDS_3.2.0\eclipse\ProcessorExpert\lib\Kinetis\pdd\inc\SAI_PDD.h</PathName>
      <PathName>C:\nxp\KDS_3.2.0\eclipse\ProcessorExpert\lib\Kinetis\pdd\inc\SCB_PDD.h</PathName>
      <PathName>C:\nxp\KDS_3.2.0\eclipse\ProcessorExpert\lib\Kinetis\pdd\inc\SDHC_PDD.h</PathName>
      <PathName>C:\nxp\KDS_3.2.0\eclipse\ProcessorExpert\lib\Kinetis\pdd\inc\SIM_PDD.h</PathName>
      <PathName>C:\nxp\KDS_3.2.0\eclipse\ProcessorExpert\lib\Kinetis\pdd\inc\SMC_PDD.h</PathName>
      <PathName>C:\nxp\KDS_3.2.0\eclipse\ProcessorExpert\lib\Kinetis\pdd\inc\SPI_PDD.h</PathName>
      <PathName>C:\nxp\KDS_3.2.0\eclipse\ProcessorExpert\lib\Kinetis\pdd\inc\SysTick_PDD.h</PathName>
      <PathName>C:\nxp\KDS_3.2.0\eclipse\ProcessorExpert\lib\Kinetis\pdd\inc\UART_PDD.h</PathName>
      <PathName>C:\nxp\KDS_3.2.0\eclipse\ProcessorExpert\lib\Kinetis\pdd\inc\USBDCD_PDD.h</PathName>
      <PathName>C:\nxp\KDS_3.2.0\eclipse\ProcessorExpert\lib\Kinetis\pdd\inc\VREF_PDD.h</PathName>
      <PathName>C:\nxp\KDS_3.2.0\eclipse\ProcessorExpert\lib\Kinetis\pdd\inc\WDOG_PDD.h</PathName>
      <PathName>C:\nxp\KDS_3.2.0\eclipse\ProcessorExpert\Repositories\Kinetis_Repository\lib\Kinetis\pdd2\MK64FN1M0LQ12\peripherals\PTA_Init.h</PathName>
      <PathName>C:\nxp\KDS_3.2.0\eclipse\ProcessorExpert\lib\Kinetis\pdd\inc\GPIO_PDD.h</PathName>
      <PathName>C:\nxp\KDS_3.2.0\eclipse\ProcessorExpert\Repositories\Kinetis_Repository\lib\Kinetis\pdd2\MK64FN1M0LQ12\peripherals\PTC_Init.h</PathName>
      <PathName>C:\nxp\KDS_3.2.0\eclipse\ProcessorExpert\lib\Kinetis\pdd\inc\USB_PDD.h</PathName>
      <PathName>C:\nxp\KDS_3.2.0\eclipse\ProcessorExpert\Repositories\Kinetis_Repository\lib\Kinetis\pdd2\MK64FN1M0LQ12\peripherals\USB0_Init.h</PathName>
    </GeneratedHs>
  </FILES>
  <OPTIONS>
  </OPTIONS>
</export>
