<?xml version="1.0" encoding="UTF-8"?>
<!--

  Copyright : 2012 Freescale, Inc. All Rights Reserved.

  This configuration file is a standard interchange file that's format is maintained
  by Freescale, Inc. The configuration file is a derivative work
  of the Processor Expert Software technology licensed for use by customers
  as defined as SOFTWARE in the product's End User License Agreement. This file
  and format are free to use and distribute for read-only purposes. You do not have
  the right to create these files or modify this format or use for any purposes other
  than interchange with the Processor Expert Software technology.

  THIS SOFTWARE IS PROVIDED "AS IS".

  NO WARRANTIES, WHETHER EXPRESS, IMPLIED OR STATUTORY, INCLUDING, BUT NOT
  LIMITED TO, IMPLIED WARRANTIES OF MERCHANTABILITY AND FITNESS FOR A PARTICULAR
  PURPOSE APPLY TO THIS SOFTWARE. IN NO EVENT WILL FREESCALE BE LIABLE, WHETHER
  IN CONTRACT, TORT, OR OTHERWISE, FOR ANY INCIDENTAL, SPECIAL, INDIRECT,
  CONSEQUENTIAL OR PUNITIVE DAMAGES, INCLUDING, BUT NOT LIMITED TO, DAMAGES FOR
  ANY LOSS OF USE, LOSS OF TIME, INCONVENIENCE, COMMERCIAL LOSS, OR LOST PROFITS,
  SAVINGS, OR REVENUES TO THE FULL EXTENT SUCH MAY BE DISCLAIMED BY LAW.

-->
<export xmlns:xsi="http://www.w3.org/2001/XMLSchema-instance" xsi:noNamespaceSchemaLocation="ProjectInfoDescription.xsd">
  <PROCESSOR>
    <DeviceID>MKL25Z128xxx4</DeviceID>
    <CoreNum>1</CoreNum>
    <Cores>
      <Core>
        <CoreSet>Cortex-M0+</CoreSet>
      </Core>
    </Cores>
    <SRAMsize>16k</SRAMsize>
    <FLASHsize>128k</FLASHsize>
  </PROCESSOR>
  <PATHS>
    <LinkerCommandFile>P:\Eclipse\FRDM-KL25Z\FRDM-KL25Z_Adafruit_GPS\Project_Settings\Linker_Files\ProcessorExpert.ld</LinkerCommandFile>
    <IncludePaths>
      <Path>C:\Tools\IDE\eclipse\ProcessorExpert\lib\Kinetis\pdd\inc\</Path>
      <Path>C:\Tools\IDE\eclipse\ProcessorExpert\lib\Kinetis\iofiles\</Path>
      <Path>P:\Eclipse\FRDM-KL25Z\FRDM-KL25Z_Adafruit_GPS\Sources\</Path>
      <Path>P:\Eclipse\FRDM-KL25Z\FRDM-KL25Z_Adafruit_GPS\Generated_Code\</Path>
    </IncludePaths>
    <SourceCodePaths>
      <Path>P:\Eclipse\FRDM-KL25Z\FRDM-KL25Z_Adafruit_GPS\Generated_Code\</Path>
      <Path>P:\Eclipse\FRDM-KL25Z\FRDM-KL25Z_Adafruit_GPS\Project_Settings\Startup_Code\</Path>
      <Path>P:\Eclipse\FRDM-KL25Z\FRDM-KL25Z_Adafruit_GPS\Sources\</Path>
    </SourceCodePaths>
  </PATHS>
  <FILES>
    <GeneratedCs>
      <PathName>P:\Eclipse\FRDM-KL25Z\FRDM-KL25Z_Adafruit_GPS\Generated_Code\AS1.c</PathName>
      <PathName>P:\Eclipse\FRDM-KL25Z\FRDM-KL25Z_Adafruit_GPS\Generated_Code\ASerialLdd1.c</PathName>
      <PathName>P:\Eclipse\FRDM-KL25Z\FRDM-KL25Z_Adafruit_GPS\Generated_Code\ASerialLdd2.c</PathName>
      <PathName>P:\Eclipse\FRDM-KL25Z\FRDM-KL25Z_Adafruit_GPS\Generated_Code\BitIoLdd1.c</PathName>
      <PathName>P:\Eclipse\FRDM-KL25Z\FRDM-KL25Z_Adafruit_GPS\Generated_Code\BitIoLdd2.c</PathName>
      <PathName>P:\Eclipse\FRDM-KL25Z\FRDM-KL25Z_Adafruit_GPS\Generated_Code\BitIoLdd5.c</PathName>
      <PathName>P:\Eclipse\FRDM-KL25Z\FRDM-KL25Z_Adafruit_GPS\Generated_Code\CD1.c</PathName>
      <PathName>P:\Eclipse\FRDM-KL25Z\FRDM-KL25Z_Adafruit_GPS\Generated_Code\CLS1.c</PathName>
      <PathName>P:\Eclipse\FRDM-KL25Z\FRDM-KL25Z_Adafruit_GPS\Generated_Code\CS1.c</PathName>
      <PathName>P:\Eclipse\FRDM-KL25Z\FRDM-KL25Z_Adafruit_GPS\Generated_Code\Cpu.c</PathName>
      <PathName>P:\Eclipse\FRDM-KL25Z\FRDM-KL25Z_Adafruit_GPS\Generated_Code\FAT1.c</PathName>
      <PathName>P:\Eclipse\FRDM-KL25Z\FRDM-KL25Z_Adafruit_GPS\Generated_Code\FRTOS1.c</PathName>
      <PathName>P:\Eclipse\FRDM-KL25Z\FRDM-KL25Z_Adafruit_GPS\Generated_Code\GPIO_D.c</PathName>
      <PathName>P:\Eclipse\FRDM-KL25Z\FRDM-KL25Z_Adafruit_GPS\Generated_Code\GPS.c</PathName>
      <PathName>P:\Eclipse\FRDM-KL25Z\FRDM-KL25Z_Adafruit_GPS\Generated_Code\LEDG.c</PathName>
      <PathName>P:\Eclipse\FRDM-KL25Z\FRDM-KL25Z_Adafruit_GPS\Generated_Code\LEDR.c</PathName>
      <PathName>P:\Eclipse\FRDM-KL25Z\FRDM-KL25Z_Adafruit_GPS\Generated_Code\LEDpin1.c</PathName>
      <PathName>P:\Eclipse\FRDM-KL25Z\FRDM-KL25Z_Adafruit_GPS\Generated_Code\LEDpin2.c</PathName>
      <PathName>P:\Eclipse\FRDM-KL25Z\FRDM-KL25Z_Adafruit_GPS\Generated_Code\MINI1.c</PathName>
      <PathName>P:\Eclipse\FRDM-KL25Z\FRDM-KL25Z_Adafruit_GPS\Generated_Code\PE_LDD.c</PathName>
      <PathName>P:\Eclipse\FRDM-KL25Z\FRDM-KL25Z_Adafruit_GPS\Generated_Code\PPS.c</PathName>
      <PathName>P:\Eclipse\FRDM-KL25Z\FRDM-KL25Z_Adafruit_GPS\Generated_Code\SD1.c</PathName>
      <PathName>P:\Eclipse\FRDM-KL25Z\FRDM-KL25Z_Adafruit_GPS\Generated_Code\SM1.c</PathName>
      <PathName>P:\Eclipse\FRDM-KL25Z\FRDM-KL25Z_Adafruit_GPS\Generated_Code\SS1.c</PathName>
      <PathName>P:\Eclipse\FRDM-KL25Z\FRDM-KL25Z_Adafruit_GPS\Generated_Code\TMOUT1.c</PathName>
      <PathName>P:\Eclipse\FRDM-KL25Z\FRDM-KL25Z_Adafruit_GPS\Generated_Code\TmDt1.c</PathName>
      <PathName>P:\Eclipse\FRDM-KL25Z\FRDM-KL25Z_Adafruit_GPS\Generated_Code\UTIL1.c</PathName>
      <PathName>P:\Eclipse\FRDM-KL25Z\FRDM-KL25Z_Adafruit_GPS\Generated_Code\Vectors.c</PathName>
      <PathName>P:\Eclipse\FRDM-KL25Z\FRDM-KL25Z_Adafruit_GPS\Generated_Code\WAIT1.c</PathName>
      <PathName>P:\Eclipse\FRDM-KL25Z\FRDM-KL25Z_Adafruit_GPS\Generated_Code\croutine.c</PathName>
      <PathName>P:\Eclipse\FRDM-KL25Z\FRDM-KL25Z_Adafruit_GPS\Generated_Code\event_groups.c</PathName>
      <PathName>P:\Eclipse\FRDM-KL25Z\FRDM-KL25Z_Adafruit_GPS\Generated_Code\ff.c</PathName>
      <PathName>P:\Eclipse\FRDM-KL25Z\FRDM-KL25Z_Adafruit_GPS\Generated_Code\heap_1.c</PathName>
      <PathName>P:\Eclipse\FRDM-KL25Z\FRDM-KL25Z_Adafruit_GPS\Generated_Code\heap_2.c</PathName>
      <PathName>P:\Eclipse\FRDM-KL25Z\FRDM-KL25Z_Adafruit_GPS\Generated_Code\heap_3.c</PathName>
      <PathName>P:\Eclipse\FRDM-KL25Z\FRDM-KL25Z_Adafruit_GPS\Generated_Code\heap_4.c</PathName>
      <PathName>P:\Eclipse\FRDM-KL25Z\FRDM-KL25Z_Adafruit_GPS\Generated_Code\list.c</PathName>
      <PathName>P:\Eclipse\FRDM-KL25Z\FRDM-KL25Z_Adafruit_GPS\Generated_Code\minGlue-FatFs.c</PathName>
      <PathName>P:\Eclipse\FRDM-KL25Z\FRDM-KL25Z_Adafruit_GPS\Generated_Code\minIni.c</PathName>
      <PathName>P:\Eclipse\FRDM-KL25Z\FRDM-KL25Z_Adafruit_GPS\Generated_Code\port.c</PathName>
      <PathName>P:\Eclipse\FRDM-KL25Z\FRDM-KL25Z_Adafruit_GPS\Generated_Code\queue.c</PathName>
      <PathName>P:\Eclipse\FRDM-KL25Z\FRDM-KL25Z_Adafruit_GPS\Generated_Code\tasks.c</PathName>
      <PathName>P:\Eclipse\FRDM-KL25Z\FRDM-KL25Z_Adafruit_GPS\Generated_Code\timers.c</PathName>
      <PathName>P:\Eclipse\FRDM-KL25Z\FRDM-KL25Z_Adafruit_GPS\Project_Settings\Startup_Code\startup.c</PathName>
      <PathName>P:\Eclipse\FRDM-KL25Z\FRDM-KL25Z_Adafruit_GPS\Sources\Application.c</PathName>
      <PathName>P:\Eclipse\FRDM-KL25Z\FRDM-KL25Z_Adafruit_GPS\Sources\Events.c</PathName>
      <PathName>P:\Eclipse\FRDM-KL25Z\FRDM-KL25Z_Adafruit_GPS\Sources\Shell.c</PathName>
      <PathName>P:\Eclipse\FRDM-KL25Z\FRDM-KL25Z_Adafruit_GPS\Sources\main.c</PathName>
    </GeneratedCs>
    <GeneratedHs>
      <PathName>P:\Eclipse\FRDM-KL25Z\FRDM-KL25Z_Adafruit_GPS\Generated_Code\AS1.h</PathName>
      <PathName>P:\Eclipse\FRDM-KL25Z\FRDM-KL25Z_Adafruit_GPS\Generated_Code\ASerialLdd1.h</PathName>
      <PathName>P:\Eclipse\FRDM-KL25Z\FRDM-KL25Z_Adafruit_GPS\Generated_Code\ASerialLdd2.h</PathName>
      <PathName>P:\Eclipse\FRDM-KL25Z\FRDM-KL25Z_Adafruit_GPS\Generated_Code\BitIoLdd1.h</PathName>
      <PathName>P:\Eclipse\FRDM-KL25Z\FRDM-KL25Z_Adafruit_GPS\Generated_Code\BitIoLdd2.h</PathName>
      <PathName>P:\Eclipse\FRDM-KL25Z\FRDM-KL25Z_Adafruit_GPS\Generated_Code\BitIoLdd5.h</PathName>
      <PathName>P:\Eclipse\FRDM-KL25Z\FRDM-KL25Z_Adafruit_GPS\Generated_Code\CD1.h</PathName>
      <PathName>P:\Eclipse\FRDM-KL25Z\FRDM-KL25Z_Adafruit_GPS\Generated_Code\CLS1.h</PathName>
      <PathName>P:\Eclipse\FRDM-KL25Z\FRDM-KL25Z_Adafruit_GPS\Generated_Code\CS1.h</PathName>
      <PathName>P:\Eclipse\FRDM-KL25Z\FRDM-KL25Z_Adafruit_GPS\Generated_Code\Cpu.h</PathName>
      <PathName>P:\Eclipse\FRDM-KL25Z\FRDM-KL25Z_Adafruit_GPS\Generated_Code\FAT1.h</PathName>
      <PathName>P:\Eclipse\FRDM-KL25Z\FRDM-KL25Z_Adafruit_GPS\Generated_Code\FRTOS1.h</PathName>
      <PathName>P:\Eclipse\FRDM-KL25Z\FRDM-KL25Z_Adafruit_GPS\Generated_Code\FreeRTOS.h</PathName>
      <PathName>P:\Eclipse\FRDM-KL25Z\FRDM-KL25Z_Adafruit_GPS\Generated_Code\FreeRTOSConfig.h</PathName>
      <PathName>P:\Eclipse\FRDM-KL25Z\FRDM-KL25Z_Adafruit_GPS\Generated_Code\GPIO_D.h</PathName>
      <PathName>P:\Eclipse\FRDM-KL25Z\FRDM-KL25Z_Adafruit_GPS\Generated_Code\GPS.h</PathName>
      <PathName>P:\Eclipse\FRDM-KL25Z\FRDM-KL25Z_Adafruit_GPS\Generated_Code\IO_Map.h</PathName>
      <PathName>P:\Eclipse\FRDM-KL25Z\FRDM-KL25Z_Adafruit_GPS\Generated_Code\LEDG.h</PathName>
      <PathName>P:\Eclipse\FRDM-KL25Z\FRDM-KL25Z_Adafruit_GPS\Generated_Code\LEDR.h</PathName>
      <PathName>P:\Eclipse\FRDM-KL25Z\FRDM-KL25Z_Adafruit_GPS\Generated_Code\LEDpin1.h</PathName>
      <PathName>P:\Eclipse\FRDM-KL25Z\FRDM-KL25Z_Adafruit_GPS\Generated_Code\LEDpin2.h</PathName>
      <PathName>P:\Eclipse\FRDM-KL25Z\FRDM-KL25Z_Adafruit_GPS\Generated_Code\MINI1.h</PathName>
      <PathName>P:\Eclipse\FRDM-KL25Z\FRDM-KL25Z_Adafruit_GPS\Generated_Code\PE_Const.h</PathName>
      <PathName>P:\Eclipse\FRDM-KL25Z\FRDM-KL25Z_Adafruit_GPS\Generated_Code\PE_Error.h</PathName>
      <PathName>P:\Eclipse\FRDM-KL25Z\FRDM-KL25Z_Adafruit_GPS\Generated_Code\PE_LDD.h</PathName>
      <PathName>P:\Eclipse\FRDM-KL25Z\FRDM-KL25Z_Adafruit_GPS\Generated_Code\PE_Types.h</PathName>
      <PathName>P:\Eclipse\FRDM-KL25Z\FRDM-KL25Z_Adafruit_GPS\Generated_Code\PPS.h</PathName>
      <PathName>P:\Eclipse\FRDM-KL25Z\FRDM-KL25Z_Adafruit_GPS\Generated_Code\SD1.h</PathName>
      <PathName>P:\Eclipse\FRDM-KL25Z\FRDM-KL25Z_Adafruit_GPS\Generated_Code\SM1.h</PathName>
      <PathName>P:\Eclipse\FRDM-KL25Z\FRDM-KL25Z_Adafruit_GPS\Generated_Code\SS1.h</PathName>
      <PathName>P:\Eclipse\FRDM-KL25Z\FRDM-KL25Z_Adafruit_GPS\Generated_Code\StackMacros.h</PathName>
      <PathName>P:\Eclipse\FRDM-KL25Z\FRDM-KL25Z_Adafruit_GPS\Generated_Code\TMOUT1.h</PathName>
      <PathName>P:\Eclipse\FRDM-KL25Z\FRDM-KL25Z_Adafruit_GPS\Generated_Code\TmDt1.h</PathName>
      <PathName>P:\Eclipse\FRDM-KL25Z\FRDM-KL25Z_Adafruit_GPS\Generated_Code\UTIL1.h</PathName>
      <PathName>P:\Eclipse\FRDM-KL25Z\FRDM-KL25Z_Adafruit_GPS\Generated_Code\WAIT1.h</PathName>
      <PathName>P:\Eclipse\FRDM-KL25Z\FRDM-KL25Z_Adafruit_GPS\Generated_Code\croutine.h</PathName>
      <PathName>P:\Eclipse\FRDM-KL25Z\FRDM-KL25Z_Adafruit_GPS\Generated_Code\diskio.h</PathName>
      <PathName>P:\Eclipse\FRDM-KL25Z\FRDM-KL25Z_Adafruit_GPS\Generated_Code\event_groups.h</PathName>
      <PathName>P:\Eclipse\FRDM-KL25Z\FRDM-KL25Z_Adafruit_GPS\Generated_Code\ff.h</PathName>
      <PathName>P:\Eclipse\FRDM-KL25Z\FRDM-KL25Z_Adafruit_GPS\Generated_Code\ffconf.h</PathName>
      <PathName>P:\Eclipse\FRDM-KL25Z\FRDM-KL25Z_Adafruit_GPS\Generated_Code\integer.h</PathName>
      <PathName>P:\Eclipse\FRDM-KL25Z\FRDM-KL25Z_Adafruit_GPS\Generated_Code\list.h</PathName>
      <PathName>P:\Eclipse\FRDM-KL25Z\FRDM-KL25Z_Adafruit_GPS\Generated_Code\minGlue-FatFs.h</PathName>
      <PathName>P:\Eclipse\FRDM-KL25Z\FRDM-KL25Z_Adafruit_GPS\Generated_Code\minGlue.h</PathName>
      <PathName>P:\Eclipse\FRDM-KL25Z\FRDM-KL25Z_Adafruit_GPS\Generated_Code\minIni.h</PathName>
      <PathName>P:\Eclipse\FRDM-KL25Z\FRDM-KL25Z_Adafruit_GPS\Generated_Code\mpu_wrappers.h</PathName>
      <PathName>P:\Eclipse\FRDM-KL25Z\FRDM-KL25Z_Adafruit_GPS\Generated_Code\portTicks.h</PathName>
      <PathName>P:\Eclipse\FRDM-KL25Z\FRDM-KL25Z_Adafruit_GPS\Generated_Code\portable.h</PathName>
      <PathName>P:\Eclipse\FRDM-KL25Z\FRDM-KL25Z_Adafruit_GPS\Generated_Code\portmacro.h</PathName>
      <PathName>P:\Eclipse\FRDM-KL25Z\FRDM-KL25Z_Adafruit_GPS\Generated_Code\projdefs.h</PathName>
      <PathName>P:\Eclipse\FRDM-KL25Z\FRDM-KL25Z_Adafruit_GPS\Generated_Code\queue.h</PathName>
      <PathName>P:\Eclipse\FRDM-KL25Z\FRDM-KL25Z_Adafruit_GPS\Generated_Code\semphr.h</PathName>
      <PathName>P:\Eclipse\FRDM-KL25Z\FRDM-KL25Z_Adafruit_GPS\Generated_Code\task.h</PathName>
      <PathName>P:\Eclipse\FRDM-KL25Z\FRDM-KL25Z_Adafruit_GPS\Generated_Code\timers.h</PathName>
      <PathName>P:\Eclipse\FRDM-KL25Z\FRDM-KL25Z_Adafruit_GPS\Sources\Application.h</PathName>
      <PathName>P:\Eclipse\FRDM-KL25Z\FRDM-KL25Z_Adafruit_GPS\Sources\Events.h</PathName>
      <PathName>P:\Eclipse\FRDM-KL25Z\FRDM-KL25Z_Adafruit_GPS\Sources\Shell.h</PathName>
      <PathName>C:\Tools\IDE\eclipse\ProcessorExpert\lib\Kinetis\iofiles\MKL25Z4.h</PathName>
      <PathName>C:\Tools\IDE\eclipse\ProcessorExpert\lib\Kinetis\pdd\inc\ADC_PDD.h</PathName>
      <PathName>C:\Tools\IDE\eclipse\ProcessorExpert\lib\Kinetis\pdd\inc\CMP_PDD.h</PathName>
      <PathName>C:\Tools\IDE\eclipse\ProcessorExpert\lib\Kinetis\pdd\inc\COP_PDD.h</PathName>
      <PathName>C:\Tools\IDE\eclipse\ProcessorExpert\lib\Kinetis\pdd\inc\DAC_PDD.h</PathName>
      <PathName>C:\Tools\IDE\eclipse\ProcessorExpert\lib\Kinetis\pdd\inc\DMAMUX_PDD.h</PathName>
      <PathName>C:\Tools\IDE\eclipse\ProcessorExpert\lib\Kinetis\pdd\inc\DMA_PDD.h</PathName>
      <PathName>C:\Tools\IDE\eclipse\ProcessorExpert\lib\Kinetis\pdd\inc\FTFA_PDD.h</PathName>
      <PathName>C:\Tools\IDE\eclipse\ProcessorExpert\lib\Kinetis\pdd\inc\GPIO_PDD.h</PathName>
      <PathName>C:\Tools\IDE\eclipse\ProcessorExpert\lib\Kinetis\pdd\inc\I2C_PDD.h</PathName>
      <PathName>C:\Tools\IDE\eclipse\ProcessorExpert\lib\Kinetis\pdd\inc\LPTMR_PDD.h</PathName>
      <PathName>C:\Tools\IDE\eclipse\ProcessorExpert\lib\Kinetis\pdd\inc\MCM_PDD.h</PathName>
      <PathName>C:\Tools\IDE\eclipse\ProcessorExpert\lib\Kinetis\pdd\inc\PDD_Types.h</PathName>
      <PathName>C:\Tools\IDE\eclipse\ProcessorExpert\lib\Kinetis\pdd\inc\PIT_PDD.h</PathName>
      <PathName>C:\Tools\IDE\eclipse\ProcessorExpert\lib\Kinetis\pdd\inc\PORT_PDD.h</PathName>
      <PathName>C:\Tools\IDE\eclipse\ProcessorExpert\lib\Kinetis\pdd\inc\RTC_PDD.h</PathName>
      <PathName>C:\Tools\IDE\eclipse\ProcessorExpert\lib\Kinetis\pdd\inc\SIM_PDD.h</PathName>
      <PathName>C:\Tools\IDE\eclipse\ProcessorExpert\lib\Kinetis\pdd\inc\SPI_PDD.h</PathName>
      <PathName>C:\Tools\IDE\eclipse\ProcessorExpert\lib\Kinetis\pdd\inc\SysTick_PDD.h</PathName>
      <PathName>C:\Tools\IDE\eclipse\ProcessorExpert\lib\Kinetis\pdd\inc\TPM_PDD.h</PathName>
      <PathName>C:\Tools\IDE\eclipse\ProcessorExpert\lib\Kinetis\pdd\inc\UART0_PDD.h</PathName>
      <PathName>C:\Tools\IDE\eclipse\ProcessorExpert\lib\Kinetis\pdd\inc\UART_PDD.h</PathName>
      <PathName>C:\Tools\IDE\eclipse\ProcessorExpert\lib\Kinetis\pdd\inc\USB_PDD.h</PathName>
    </GeneratedHs>
    <GeneratedASMs>
      <PathName>P:\Eclipse\FRDM-KL25Z\FRDM-KL25Z_Adafruit_GPS\Generated_Code\portasm.s</PathName>
    </GeneratedASMs>
  </FILES>
  <OPTIONS>
  </OPTIONS>
</export>
