<?xml version="1.0" encoding="UTF-8"?>
<PE_PROJECT_SETTINGS_DOCUMENTATION>
  <PE_product_version v="version 10.5 for Freescale Microcontrollers" />
  <PE_core_version v="Processor Expert Version 0521" />
  <CPU_Bean name="Cpu" type="MKL03Z32FK4">
    <Enabled v="Y" />
    <Properties>
      <Component_name v="Cpu" />
      <CPU_type v="MKL03Z32VFK4" />
      <fsl_clock_manager v="clockMan1" />
      <group name="Low power mode settings">
        <Acknowledge_isolation v="Allowed" />
      </group>
      <group name="Watchdog settings">
        <Watchdog_disable v="yes" />
      </group>
    </Properties>
    <Methods>
      <EmptySection_DummyValue />
    </Methods>
    <Events>
      <Event_module_name v="Events" />
    </Events>
    <Compiler v="GNU C Compiler" />
    <CompilerProperties>
      <Compiler v="GNU C Compiler" />
      <boolgroup name="Generate linker file" v="no" />
    </CompilerProperties>
  </CPU_Bean>
  <Bean name="clockMan1" type="fsl_clock_manager">
    <Enabled v="Y" />
    <Properties>
      <Component_name v="clockMan1" />
      <Device v="MCG" />
      <Component_version v="1.3.0" />
    </Properties>
    <Methods>
      <EmptySection_DummyValue />
    </Methods>
    <Events>
      <EmptySection_DummyValue />
    </Events>
  </Bean>
  <Bean name="pin_init" type="PinSettings">
    <Enabled v="Y" />
    <Properties>
      <Component_name v="pin_init" />
      <PinSettings_IP_Block v="PinSettings" />
      <Processor v="MKL03Z32FK4" />
      <group name="Settings">
        <enumgroup name="Clock gates initialization mode" v="SIM HAL (fsl_sim_hal component)">
          <EmptySection_DummyValue />
        </enumgroup>
        <group name="Inherited HAL components">
          <inhrbean type="fsl_port_hal">
            <Enabled v="Y" />
            <Properties>
              <Component_name v="fsl_port_hal1" />
              <Device v="PORTA" />
              <Component_version v="1.3.0" />
            </Properties>
            <Methods>
              <EmptySection_DummyValue />
            </Methods>
            <Events>
              <EmptySection_DummyValue />
            </Events>
          </inhrbean>
          <inhrbean type="fsl_sim_hal">
            <Enabled v="Y" />
            <Properties>
              <Component_name v="fsl_sim_hal1" />
              <Device v="SIM" />
              <Component_version v="1.3.0" />
            </Properties>
            <Methods>
              <EmptySection_DummyValue />
            </Methods>
            <Events>
              <EmptySection_DummyValue />
            </Events>
          </inhrbean>
          <inhrbean type="fsl_mcglite_hal">
            <Enabled v="Y" />
            <Properties>
              <Component_name v="fsl_mcglite_hal1" />
              <Device v="MCG" />
              <Component_version v="1.3.0" />
            </Properties>
            <Methods>
              <EmptySection_DummyValue />
            </Methods>
            <Events>
              <EmptySection_DummyValue />
            </Events>
          </inhrbean>
        </group>
      </group>
    </Properties>
    <Methods>
      <EmptySection_DummyValue />
    </Methods>
    <Events>
      <EmptySection_DummyValue />
    </Events>
  </Bean>
  <Bean name="intMan1" type="fsl_interrupt_manager">
    <Enabled v="Y" />
    <Properties>
      <Component_name v="intMan1" />
      <Component_version v="1.3.0" />
    </Properties>
    <Methods>
      <EmptySection_DummyValue />
    </Methods>
    <Events>
      <EmptySection_DummyValue />
    </Events>
  </Bean>
  <Bean name="osa1" type="fsl_os_abstraction">
    <Enabled v="Y" />
    <Properties>
      <Component_name v="osa1" />
      <Component_version v="1.3.0" />
    </Properties>
    <Methods>
      <EmptySection_DummyValue />
    </Methods>
    <Events>
      <EmptySection_DummyValue />
    </Events>
  </Bean>
  <Bean name="WAIT1" type="Wait">
    <Enabled v="Y" />
    <Properties>
      <Component_name v="WAIT1" />
      <SDK v="MCUC1" />
      <boolgroup name="Use Cycle Counter" v="Disabled" />
      <boolgroup name="Manual Clock Values" v="Disabled" />
      <Delay100usFunction v="Delay100US" />
      <boolgroup name="RTOS" v="Disabled" />
      <boolgroup name="Watchdog" v="Disabled" />
    </Properties>
    <Methods>
      <Wait10Cycles v="generate code" />
      <Wait100Cycles v="generate code" />
      <WaitCycles v="generate code" />
      <WaitLongCycles v="generate code" />
      <Waitms v="generate code" />
      <Waitus v="generate code" />
      <Waitns v="generate code" />
      <WaitOSms v="generate code" />
      <Init v="generate code" />
      <DeInit v="generate code" />
    </Methods>
    <Events>
      <EmptySection_DummyValue />
    </Events>
  </Bean>
  <Bean name="MCUC1" type="McuLibConfig">
    <Enabled v="Y" />
    <Properties>
      <Component_name v="MCUC1" />
      <SDK v="Kinetis SDK V1.3" />
      <SDK_Major_Version v="2" />
      <SDK_Minor_Version v="5" />
      <SDK_Build_Version v="0" />
      <Config_Files_Folder v="" />
    </Properties>
    <Methods>
      <Init v="generate code" />
      <Deinit v="generate code" />
    </Methods>
    <Events>
      <EmptySection_DummyValue />
    </Events>
  </Bean>
  <Bean name="gpio1" type="fsl_gpio">
    <Enabled v="Y" />
    <Properties>
      <Component_name v="gpio1" />
      <Component_version v="1.3.0" />
    </Properties>
    <Methods>
      <EmptySection_DummyValue />
    </Methods>
    <Events>
      <EmptySection_DummyValue />
    </Events>
  </Bean>
  <Bean name="LED1" type="LED">
    <Enabled v="Y" />
    <Properties>
      <Component_name v="LED1" />
      <SDK v="MCUC1" />
      <Turned_On_with_initialization v="no" />
      <group name="HW Interface">
        <Anode_on_port_side__HIGH_is_ON v="no" />
        <boolgroup name="On/Off" v="Enabled">
          <inhrbean type="SDK_BitIO">
            <Enabled v="Y" />
            <Properties>
              <Component_name v="LEDpin1" />
              <SDK v="MCUC1" />
              <GPIO_Name v="GPIOB" />
              <PORT_Name v="PORTB" />
              <Pin_Number v="10" />
              <Pin_Symbol v="LED_RED" />
              <Do_Pin_Muxing v="no" />
              <Init_Direction v="Output" />
              <Pull_Resistor v="no pull resistor" />
              <Init_Value v="0" />
            </Properties>
            <Methods>
              <GetDir v="generate code" />
              <SetDir v="generate code" />
              <SetInput v="generate code" />
              <SetOutput v="generate code" />
              <GetVal v="generate code" />
              <PutVal v="generate code" />
              <ClrVal v="generate code" />
              <SetVal v="generate code" />
              <NegVal v="generate code" />
              <Init v="generate code" />
              <Deinit v="generate code" />
            </Methods>
            <Events>
              <EmptySection_DummyValue />
            </Events>
          </inhrbean>
        </boolgroup>
        <boolgroup name="PWM" v="Disabled" />
      </group>
      <boolgroup name="Shell" v="Disabled" />
    </Properties>
    <Methods>
      <On v="generate code" />
      <Off v="generate code" />
      <Neg v="generate code" />
      <Get v="generate code" />
      <Put v="generate code" />
      <SetRatio16 v="generate code" />
      <ParseCommand v="don&amp;apos;t generate code" />
      <Deinit v="generate code" />
      <Init v="generate code" />
    </Methods>
    <Events>
      <EmptySection_DummyValue />
    </Events>
  </Bean>
  <Bean name="LED2" type="LED">
    <Enabled v="Y" />
    <Properties>
      <Component_name v="LED2" />
      <SDK v="MCUC1" />
      <Turned_On_with_initialization v="no" />
      <group name="HW Interface">
        <Anode_on_port_side__HIGH_is_ON v="no" />
        <boolgroup name="On/Off" v="Enabled">
          <inhrbean type="SDK_BitIO">
            <Enabled v="Y" />
            <Properties>
              <Component_name v="LEDpin2" />
              <SDK v="MCUC1" />
              <GPIO_Name v="GPIOB" />
              <PORT_Name v="PORTB" />
              <Pin_Number v="13" />
              <Pin_Symbol v="LED_BLUE" />
              <Do_Pin_Muxing v="no" />
              <Init_Direction v="Output" />
              <Pull_Resistor v="no pull resistor" />
              <Init_Value v="0" />
            </Properties>
            <Methods>
              <GetDir v="generate code" />
              <SetDir v="generate code" />
              <SetInput v="generate code" />
              <SetOutput v="generate code" />
              <GetVal v="generate code" />
              <PutVal v="generate code" />
              <ClrVal v="generate code" />
              <SetVal v="generate code" />
              <NegVal v="generate code" />
              <Init v="generate code" />
              <Deinit v="generate code" />
            </Methods>
            <Events>
              <EmptySection_DummyValue />
            </Events>
          </inhrbean>
        </boolgroup>
        <boolgroup name="PWM" v="Disabled" />
      </group>
      <boolgroup name="Shell" v="Disabled" />
    </Properties>
    <Methods>
      <On v="generate code" />
      <Off v="generate code" />
      <Neg v="generate code" />
      <Get v="generate code" />
      <Put v="generate code" />
      <SetRatio16 v="generate code" />
      <ParseCommand v="don&amp;apos;t generate code" />
      <Deinit v="generate code" />
      <Init v="generate code" />
    </Methods>
    <Events>
      <EmptySection_DummyValue />
    </Events>
  </Bean>
  <Bean name="LED3" type="LED">
    <Enabled v="Y" />
    <Properties>
      <Component_name v="LED3" />
      <SDK v="MCUC1" />
      <Turned_On_with_initialization v="no" />
      <group name="HW Interface">
        <Anode_on_port_side__HIGH_is_ON v="no" />
        <boolgroup name="On/Off" v="Enabled">
          <inhrbean type="SDK_BitIO">
            <Enabled v="Y" />
            <Properties>
              <Component_name v="LEDpin3" />
              <SDK v="MCUC1" />
              <GPIO_Name v="GPIOB" />
              <PORT_Name v="PORTB" />
              <Pin_Number v="11" />
              <Pin_Symbol v="LED_GREEN" />
              <Do_Pin_Muxing v="no" />
              <Init_Direction v="Output" />
              <Pull_Resistor v="no pull resistor" />
              <Init_Value v="0" />
            </Properties>
            <Methods>
              <GetDir v="generate code" />
              <SetDir v="generate code" />
              <SetInput v="generate code" />
              <SetOutput v="generate code" />
              <GetVal v="generate code" />
              <PutVal v="generate code" />
              <ClrVal v="generate code" />
              <SetVal v="generate code" />
              <NegVal v="generate code" />
              <Init v="generate code" />
              <Deinit v="generate code" />
            </Methods>
            <Events>
              <EmptySection_DummyValue />
            </Events>
          </inhrbean>
        </boolgroup>
        <boolgroup name="PWM" v="Disabled" />
      </group>
      <boolgroup name="Shell" v="Disabled" />
    </Properties>
    <Methods>
      <On v="generate code" />
      <Off v="generate code" />
      <Neg v="generate code" />
      <Get v="generate code" />
      <Put v="generate code" />
      <SetRatio16 v="generate code" />
      <ParseCommand v="don&amp;apos;t generate code" />
      <Deinit v="generate code" />
      <Init v="generate code" />
    </Methods>
    <Events>
      <EmptySection_DummyValue />
    </Events>
  </Bean>
  <Bean name="KIN1" type="KinetisTools">
    <Enabled v="Y" />
    <Properties>
      <Component_name v="KIN1" />
      <SDK v="MCUC1" />
      <Utility v="UTIL1" />
      <boolgroup name="Shell" v="Disabled" />
    </Properties>
    <Methods>
      <SoftwareReset v="generate code" />
      <UIDGet v="generate code" />
      <UIDSame v="generate code" />
      <UIDtoString v="generate code" />
      <GetKinetisFamilyString v="generate code" />
      <GetPC v="generate code" />
      <GetSP v="generate code" />
      <SetPSP v="generate code" />
      <SetLR v="generate code" />
      <InitCycleCounter v="generate code" />
      <ResetCycleCounter v="generate code" />
      <EnableCycleCounter v="generate code" />
      <DisableCycleCounter v="generate code" />
      <GetCycleCounter v="generate code" />
      <ParseCommand v="don&amp;apos;t generate code" />
      <Deinit v="generate code" />
      <Init v="generate code" />
    </Methods>
    <Events>
      <EmptySection_DummyValue />
    </Events>
  </Bean>
  <Bean name="UTIL1" type="Utility">
    <Enabled v="Y" />
    <Properties>
      <Component_name v="UTIL1" />
      <SDK v="MCUC1" />
    </Properties>
    <Methods>
      <strcpy v="generate code" />
      <strcat v="generate code" />
      <strcatPad v="generate code" />
      <chcat v="generate code" />
      <Num8sToStr v="generate code" />
      <Num8uToStr v="generate code" />
      <Num16sToStr v="generate code" />
      <Num16uToStr v="generate code" />
      <Num32uToStr v="generate code" />
      <Num32sToStr v="generate code" />
      <NumFloatToStr v="generate code" />
      <Num16sToStrFormatted v="generate code" />
      <Num16uToStrFormatted v="generate code" />
      <Num32uToStrFormatted v="generate code" />
      <Num32sToStrFormatted v="generate code" />
      <strcatNum8u v="generate code" />
      <strcatNum8s v="generate code" />
      <strcatNum16u v="generate code" />
      <strcatNum16s v="generate code" />
      <strcatNum32u v="generate code" />
      <strcatNum32s v="generate code" />
      <strcatNum16uFormatted v="generate code" />
      <strcatNum16sFormatted v="generate code" />
      <strcatNum32uFormatted v="generate code" />
      <strcatNum32sFormatted v="generate code" />
      <strcatNumHex v="generate code" />
      <strcatNum8Hex v="generate code" />
      <strcatNum16Hex v="generate code" />
      <strcatNum24Hex v="generate code" />
      <strcatNum32Hex v="generate code" />
      <strcatNum32sDotValue100 v="generate code" />
      <strcatNumFloat v="generate code" />
      <IsLeapYear v="generate code" />
      <WeekDay v="generate code" />
      <ReadEscapedName v="generate code" />
      <xatoi v="generate code" />
      <ScanDate v="generate code" />
      <ScanTime v="generate code" />
      <ScanDecimal8uNumber v="generate code" />
      <ScanDecimal8sNumber v="generate code" />
      <ScanDecimal16uNumber v="generate code" />
      <ScanDecimal16sNumber v="generate code" />
      <ScanDecimal32uNumber v="generate code" />
      <ScanDecimal32sNumber v="generate code" />
      <ScanDecimal32sDotNumber v="generate code" />
      <ScanHex8uNumber v="generate code" />
      <ScanHex8uNumberNoPrefix v="generate code" />
      <ScanHex16uNumber v="generate code" />
      <ScanHex32uNumber v="generate code" />
      <ScanSeparatedNumbers v="generate code" />
      <ScanDoubleQuotedString v="generate code" />
      <strcmp v="generate code" />
      <strncmp v="generate code" />
      <strFind v="generate code" />
      <strtailcmp v="generate code" />
      <strlen v="generate code" />
      <strCutTail v="generate code" />
      <GetValue16LE v="generate code" />
      <GetValue24LE v="generate code" />
      <GetValue32LE v="generate code" />
      <SetValue16LE v="generate code" />
      <SetValue24LE v="generate code" />
      <SetValue32LE v="generate code" />
      <map v="generate code" />
      <map64 v="generate code" />
      <constrain v="generate code" />
      <random v="generate code" />
      <randomSetSeed v="generate code" />
      <Deinit v="generate code" />
      <Init v="generate code" />
    </Methods>
    <Events>
      <EmptySection_DummyValue />
    </Events>
  </Bean>
  <Bean name="SW2" type="SDK_BitIO">
    <Enabled v="Y" />
    <Properties>
      <Component_name v="SW2" />
      <SDK v="MCUC1" />
      <GPIO_Name v="GPIOB" />
      <PORT_Name v="PORTB" />
      <Pin_Number v="0" />
      <Pin_Symbol v="SW2_LLWU" />
      <Do_Pin_Muxing v="yes" />
      <Init_Direction v="Input" />
      <Pull_Resistor v="no pull resistor" />
      <Init_Value v="0" />
    </Properties>
    <Methods>
      <GetDir v="generate code" />
      <SetDir v="generate code" />
      <SetInput v="generate code" />
      <SetOutput v="generate code" />
      <GetVal v="generate code" />
      <PutVal v="generate code" />
      <ClrVal v="generate code" />
      <SetVal v="generate code" />
      <NegVal v="generate code" />
      <Init v="generate code" />
      <Deinit v="generate code" />
    </Methods>
    <Events>
      <EmptySection_DummyValue />
    </Events>
  </Bean>
  <Bean name="SW3" type="SDK_BitIO">
    <Enabled v="Y" />
    <Properties>
      <Component_name v="SW3" />
      <SDK v="MCUC1" />
      <GPIO_Name v="GPIOB" />
      <PORT_Name v="PORTB" />
      <Pin_Number v="5" />
      <Pin_Symbol v="SW_NMI" />
      <Do_Pin_Muxing v="no" />
      <Init_Direction v="Input" />
      <Pull_Resistor v="no pull resistor" />
      <Init_Value v="0" />
    </Properties>
    <Methods>
      <GetDir v="generate code" />
      <SetDir v="generate code" />
      <SetInput v="generate code" />
      <SetOutput v="generate code" />
      <GetVal v="generate code" />
      <PutVal v="generate code" />
      <ClrVal v="generate code" />
      <SetVal v="generate code" />
      <NegVal v="generate code" />
      <Init v="generate code" />
      <Deinit v="generate code" />
    </Methods>
    <Events>
      <EmptySection_DummyValue />
    </Events>
  </Bean>
  <Bean name="RX_RDY" type="SDK_BitIO">
    <Enabled v="Y" />
    <Properties>
      <Component_name v="RX_RDY" />
      <SDK v="MCUC1" />
      <GPIO_Name v="GPIOA" />
      <PORT_Name v="PORTA" />
      <Pin_Number v="9" />
      <Pin_Symbol v="RX_RDY" />
      <Do_Pin_Muxing v="no" />
      <Init_Direction v="Input" />
      <Pull_Resistor v="pull up" />
      <Init_Value v="0" />
    </Properties>
    <Methods>
      <GetDir v="generate code" />
      <SetDir v="generate code" />
      <SetInput v="generate code" />
      <SetOutput v="generate code" />
      <GetVal v="generate code" />
      <PutVal v="generate code" />
      <ClrVal v="generate code" />
      <SetVal v="generate code" />
      <NegVal v="generate code" />
      <Init v="generate code" />
      <Deinit v="generate code" />
    </Methods>
    <Events>
      <EmptySection_DummyValue />
    </Events>
  </Bean>
  <Bean name="DATA_RDY" type="SDK_BitIO">
    <Enabled v="Y" />
    <Properties>
      <Component_name v="DATA_RDY" />
      <SDK v="MCUC1" />
      <GPIO_Name v="GPIOA" />
      <PORT_Name v="PORTA" />
      <Pin_Number v="8" />
      <Pin_Symbol v="DATA_RDY" />
      <Do_Pin_Muxing v="no" />
      <Init_Direction v="Input" />
      <Pull_Resistor v="pull up" />
      <Init_Value v="0" />
    </Properties>
    <Methods>
      <GetDir v="generate code" />
      <SetDir v="generate code" />
      <SetInput v="generate code" />
      <SetOutput v="generate code" />
      <GetVal v="generate code" />
      <PutVal v="generate code" />
      <ClrVal v="generate code" />
      <SetVal v="generate code" />
      <NegVal v="generate code" />
      <Init v="generate code" />
      <Deinit v="generate code" />
    </Methods>
    <Events>
      <EmptySection_DummyValue />
    </Events>
  </Bean>
  <Bean name="DATA" type="SDK_BitIO">
    <Enabled v="Y" />
    <Properties>
      <Component_name v="DATA" />
      <SDK v="MCUC1" />
      <GPIO_Name v="GPIOA" />
      <PORT_Name v="PORTA" />
      <Pin_Number v="12" />
      <Pin_Symbol v="DATA" />
      <Do_Pin_Muxing v="no" />
      <Init_Direction v="Input" />
      <Pull_Resistor v="no pull resistor" />
      <Init_Value v="0" />
    </Properties>
    <Methods>
      <GetDir v="generate code" />
      <SetDir v="generate code" />
      <SetInput v="generate code" />
      <SetOutput v="generate code" />
      <GetVal v="generate code" />
      <PutVal v="generate code" />
      <ClrVal v="generate code" />
      <SetVal v="generate code" />
      <NegVal v="generate code" />
      <Init v="generate code" />
      <Deinit v="generate code" />
    </Methods>
    <Events>
      <EmptySection_DummyValue />
    </Events>
  </Bean>
  <Bean name="GI2C1" type="GenericI2C">
    <Enabled v="Y" />
    <Properties>
      <Component_name v="GI2C1" />
      <Wait v="WAIT1" />
      <SDK v="MCUC1" />
      <Support_STOP_NOSTART v="no" />
      <Write_Buffer_Size v="16" />
      <boolgroup name="non-LDD I2C" v="Enabled">
        <I2C v="I2C1" />
      </boolgroup>
      <boolgroup name="LDD I2C" v="Disabled" />
      <boolgroup name="RTOS" v="Disabled" />
      <Init___on_startup v="yes" />
    </Properties>
    <Methods>
      <SelectSlave v="generate code" />
      <UnselectSlave v="generate code" />
      <RequestBus v="generate code" />
      <ReleaseBus v="generate code" />
      <WriteBlock v="generate code" />
      <ReadBlock v="generate code" />
      <ReadBlockGeneric v="don&amp;apos;t generate code" />
      <ReadAddressWait v="generate code" />
      <ReadAddress v="generate code" />
      <WriteAddress v="generate code" />
      <ReadByte v="generate code" />
      <WriteByte v="generate code" />
      <ReadByteAddress8 v="generate code" />
      <WriteByteAddress8 v="generate code" />
      <ReadWordAddress8 v="generate code" />
      <WriteWordAddress8 v="generate code" />
      <ProbeACK v="generate code" />
      <GetSemaphore v="generate code" />
      <ScanDevice v="generate code" />
      <Deinit v="generate code" />
      <Init v="generate code" />
    </Methods>
    <Events>
      <Event_module_name v="Events" />
      <event name="OnMasterBlockSent" v="don&amp;apos;t generate code" />
      <event name="OnMasterBlockReceived" v="don&amp;apos;t generate code" />
      <event name="OnRequestBus" v="don&amp;apos;t generate code" />
      <event name="OnReleaseBus" v="don&amp;apos;t generate code" />
      <event name="OnError" v="don&amp;apos;t generate code" />
    </Events>
  </Bean>
  <Bean name="I2C1" type="GenericSWI2C">
    <Enabled v="Y" />
    <Properties>
      <Component_name v="I2C1" />
      <Delay__ns_ v="1250" />
      <Trials v="256" />
      <inhrbean type="SDK_BitIO">
        <Enabled v="Y" />
        <Properties>
          <Component_name v="SDA1" />
          <SDK v="MCUC1" />
          <GPIO_Name v="GPIOB" />
          <PORT_Name v="PORTB" />
          <Pin_Number v="4" />
          <Pin_Symbol v="I2C0_SDA" />
          <Do_Pin_Muxing v="yes" />
          <Init_Direction v="Input" />
          <Pull_Resistor v="no pull resistor" />
          <Init_Value v="0" />
        </Properties>
        <Methods>
          <GetDir v="generate code" />
          <SetDir v="generate code" />
          <SetInput v="generate code" />
          <SetOutput v="generate code" />
          <GetVal v="generate code" />
          <PutVal v="generate code" />
          <ClrVal v="generate code" />
          <SetVal v="generate code" />
          <NegVal v="generate code" />
          <Init v="generate code" />
          <Deinit v="generate code" />
        </Methods>
        <Events>
          <EmptySection_DummyValue />
        </Events>
      </inhrbean>
      <inhrbean type="SDK_BitIO">
        <Enabled v="Y" />
        <Properties>
          <Component_name v="SCL1" />
          <SDK v="MCUC1" />
          <GPIO_Name v="GPIOB" />
          <PORT_Name v="PORTB" />
          <Pin_Number v="3" />
          <Pin_Symbol v="I2C0_SCL" />
          <Do_Pin_Muxing v="yes" />
          <Init_Direction v="Input" />
          <Pull_Resistor v="no pull resistor" />
          <Init_Value v="0" />
        </Properties>
        <Methods>
          <GetDir v="generate code" />
          <SetDir v="generate code" />
          <SetInput v="generate code" />
          <SetOutput v="generate code" />
          <GetVal v="generate code" />
          <PutVal v="generate code" />
          <ClrVal v="generate code" />
          <SetVal v="generate code" />
          <NegVal v="generate code" />
          <Init v="generate code" />
          <Deinit v="generate code" />
        </Methods>
        <Events>
          <EmptySection_DummyValue />
        </Events>
      </inhrbean>
      <SDK v="MCUC1" />
      <Wait v="WAIT1" />
      <Yield v="yes" />
      <Timeout_Counter_Value v="65535" />
    </Properties>
    <Methods>
      <ResetBus v="generate code" />
      <SendChar v="generate code" />
      <RecvChar v="generate code" />
      <SendBlock v="generate code" />
      <SendBlockContinue v="generate code" />
      <RecvBlock v="generate code" />
      <RecvBlockCustom v="generate code" />
      <SendAck v="generate code" />
      <SendStop v="generate code" />
      <SelectSlave v="generate code" />
      <GetSelected v="generate code" />
      <Deinit v="generate code" />
      <Init v="generate code" />
    </Methods>
    <Events>
      <Event_module_name v="Events" />
      <event name="OnNACK" v="don&amp;apos;t generate code" />
      <event name="OnTxChar" v="don&amp;apos;t generate code" />
      <event name="OnRxChar" v="don&amp;apos;t generate code" />
    </Events>
  </Bean>
  <Bean name="MMA1" type="MMA8451Q">
    <Enabled v="Y" />
    <Properties>
      <Component_Name v="MMA1" />
      <Slave_Address v="1D" />
      <I2C_Bus v="GI2C1" />
      <Wait v="WAIT1" />
      <SDK v="MCUC1" />
      <Init_Driver_in_startup v="no" />
      <boolgroup name="Constant Offsets" v="Enabled">
        <X_offset v="0" />
        <Y_offset v="0" />
        <Z_offset v="0" />
      </boolgroup>
      <boolgroup name="Shell" v="Disabled" />
    </Properties>
    <Methods>
      <Enable v="generate code" />
      <Disable v="generate code" />
      <isEnabled v="generate code" />
      <SwReset v="generate code" />
      <ReadReg8 v="generate code" />
      <WriteReg8 v="generate code" />
      <GetX v="generate code" />
      <GetY v="generate code" />
      <GetZ v="generate code" />
      <GetRaw8XYZ v="generate code" />
      <CalibrateX1g v="generate code" />
      <CalibrateY1g v="generate code" />
      <CalibrateZ1g v="generate code" />
      <GetXmg v="generate code" />
      <GetYmg v="generate code" />
      <GetZmg v="generate code" />
      <MeasureGetRawX v="generate code" />
      <MeasureGetRawY v="generate code" />
      <MeasureGetRawZ v="generate code" />
      <GetXOffset v="generate code" />
      <GetYOffset v="generate code" />
      <GetZOffset v="generate code" />
      <GetX1gValue v="generate code" />
      <GetY1gValue v="generate code" />
      <GetZ1gValue v="generate code" />
      <SetFastMode v="generate code" />
      <WhoAmI v="generate code" />
      <GetScaleRangeG v="generate code" />
      <SetScaleRangeG v="generate code" />
      <ParseCommand v="don&amp;apos;t generate code" />
      <Deinit v="generate code" />
      <Init v="generate code" />
    </Methods>
    <Events>
      <Event_module_name v="Events" />
      <event name="OnError" v="don&amp;apos;t generate code" />
    </Events>
  </Bean>
</PE_PROJECT_SETTINGS_DOCUMENTATION>

